placement,placement_label,candidate,policy,time_s,mops_s
remote,0G local / 32G remote,stream_read_32g_remote_4kstride,off,1.0,65.273856
remote,0G local / 32G remote,stream_read_32g_remote_4kstride,off,2.0,65.011712
remote,0G local / 32G remote,stream_read_32g_remote_4kstride,off,3.0,63.963136
remote,0G local / 32G remote,stream_read_32g_remote_4kstride,off,4.0,66.060288
remote,0G local / 32G remote,stream_read_32g_remote_4kstride,off,5.0,64.487424
remote,0G local / 32G remote,stream_read_32g_remote_4kstride,off,6.0,65.273856
remote,0G local / 32G remote,stream_read_32g_remote_4kstride,off,7.0,64.749568
remote,0G local / 32G remote,stream_read_32g_remote_4kstride,off,8.0,65.798144
remote,0G local / 32G remote,stream_read_32g_remote_4kstride,off,9.0,65.273856
remote,0G local / 32G remote,stream_read_32g_remote_4kstride,off,10.0,65.273856
remote,0G local / 32G remote,stream_read_32g_remote_4kstride,off,11.0,64.487424
remote,0G local / 32G remote,stream_read_32g_remote_4kstride,off,12.0,64.749568
remote,0G local / 32G remote,stream_read_32g_remote_4kstride,off,13.0,65.273856
remote,0G local / 32G remote,stream_read_32g_remote_4kstride,off,14.0,65.798144
remote,0G local / 32G remote,stream_read_32g_remote_4kstride,off,15.0,64.749568
remote,0G local / 32G remote,stream_read_32g_remote_4kstride,off,16.0,64.22528
remote,0G local / 32G remote,stream_read_32g_remote_4kstride,off,17.0,65.798144
remote,0G local / 32G remote,stream_read_32g_remote_4kstride,off,18.0,66.060288
remote,0G local / 32G remote,stream_read_32g_remote_4kstride,off,19.0,63.963136
remote,0G local / 32G remote,stream_read_32g_remote_4kstride,off,20.0,64.487424
remote,0G local / 32G remote,stream_read_32g_remote_4kstride,off,21.0,65.798144
remote,0G local / 32G remote,stream_read_32g_remote_4kstride,off,22.0,65.536
remote,0G local / 32G remote,stream_read_32g_remote_4kstride,off,23.0,64.22528
remote,0G local / 32G remote,stream_read_32g_remote_4kstride,off,24.0,65.798144
remote,0G local / 32G remote,stream_read_32g_remote_4kstride,off,25.0,64.22528
remote,0G local / 32G remote,stream_read_32g_remote_4kstride,off,26.0,65.798144
remote,0G local / 32G remote,stream_read_32g_remote_4kstride,off,27.0,65.011712
remote,0G local / 32G remote,stream_read_32g_remote_4kstride,off,28.0,65.011712
remote,0G local / 32G remote,stream_read_32g_remote_4kstride,off,29.0,64.749568
remote,0G local / 32G remote,stream_read_32g_remote_4kstride,off,30.0,65.273856
remote,0G local / 32G remote,stream_read_32g_remote_4kstride,off,31.001,65.7324115884116
remote,0G local / 32G remote,stream_read_32g_remote_4kstride,off,32.0,63.76475675675676
remote,0G local / 32G remote,stream_read_32g_remote_4kstride,off,33.0,65.798144
remote,0G local / 32G remote,stream_read_32g_remote_4kstride,off,34.0,65.536
remote,0G local / 32G remote,stream_read_32g_remote_4kstride,off,35.0,63.963136
remote,0G local / 32G remote,stream_read_32g_remote_4kstride,off,36.0,65.011712
remote,0G local / 32G remote,stream_read_32g_remote_4kstride,off,37.0,65.273856
remote,0G local / 32G remote,stream_read_32g_remote_4kstride,off,38.0,65.798144
remote,0G local / 32G remote,stream_read_32g_remote_4kstride,off,39.001,64.423000999001
remote,0G local / 32G remote,stream_read_32g_remote_4kstride,off,40.0,65.3391951951952
remote,0G local / 32G remote,stream_read_32g_remote_4kstride,off,41.0,65.273856
remote,0G local / 32G remote,stream_read_32g_remote_4kstride,off,42.0,65.011712
remote,0G local / 32G remote,stream_read_32g_remote_4kstride,off,43.0,65.273856
remote,0G local / 32G remote,stream_read_32g_remote_4kstride,off,44.0,64.22528
remote,0G local / 32G remote,stream_read_32g_remote_4kstride,off,45.0,65.273856
remote,0G local / 32G remote,stream_read_32g_remote_4kstride,off,46.0,65.536
remote,0G local / 32G remote,stream_read_32g_remote_4kstride,off,47.0,65.011712
remote,0G local / 32G remote,stream_read_32g_remote_4kstride,off,48.0,65.011712
remote,0G local / 32G remote,stream_read_32g_remote_4kstride,off,49.0,64.487424
remote,0G local / 32G remote,stream_read_32g_remote_4kstride,off,50.0,65.273856
remote,0G local / 32G remote,stream_read_32g_remote_4kstride,off,51.0,65.273856
remote,0G local / 32G remote,stream_read_32g_remote_4kstride,off,52.001,65.20864735264736
remote,0G local / 32G remote,stream_read_32g_remote_4kstride,off,53.0,64.02716316316317
remote,0G local / 32G remote,stream_read_32g_remote_4kstride,off,54.0,66.060288
remote,0G local / 32G remote,stream_read_32g_remote_4kstride,off,55.0,65.011712
remote,0G local / 32G remote,stream_read_32g_remote_4kstride,off,56.0,65.011712
remote,0G local / 32G remote,stream_read_32g_remote_4kstride,off,57.0,64.22528
remote,0G local / 32G remote,stream_read_32g_remote_4kstride,off,58.0,66.060288
remote,0G local / 32G remote,stream_read_32g_remote_4kstride,off,59.0,64.749568
remote,0G local / 32G remote,stream_read_32g_remote_4kstride,off,60.0,65.011712
remote,0G local / 32G remote,stream_read_32g_remote_4kstride,off,61.0,64.749568
remote,0G local / 32G remote,stream_read_32g_remote_4kstride,off,62.0,65.536
remote,0G local / 32G remote,stream_read_32g_remote_4kstride,off,63.0,65.798144
remote,0G local / 32G remote,stream_read_32g_remote_4kstride,off,64.0,64.22528
remote,0G local / 32G remote,stream_read_32g_remote_4kstride,off,65.0,65.273856
remote,0G local / 32G remote,stream_read_32g_remote_4kstride,off,66.0,64.22528
remote,0G local / 32G remote,stream_read_32g_remote_4kstride,off,67.0,66.060288
remote,0G local / 32G remote,stream_read_32g_remote_4kstride,off,68.0,65.273856
remote,0G local / 32G remote,stream_read_32g_remote_4kstride,off,69.0,64.22528
remote,0G local / 32G remote,stream_read_32g_remote_4kstride,off,70.0,65.273856
remote,0G local / 32G remote,stream_read_32g_remote_4kstride,off,71.0,65.011712
remote,0G local / 32G remote,stream_read_32g_remote_4kstride,off,72.0,65.273856
remote,0G local / 32G remote,stream_read_32g_remote_4kstride,off,73.0,65.273856
remote,0G local / 32G remote,stream_read_32g_remote_4kstride,off,74.0,65.011712
remote,0G local / 32G remote,stream_read_32g_remote_4kstride,off,75.0,65.011712
remote,0G local / 32G remote,stream_read_32g_remote_4kstride,off,76.0,65.798144
remote,0G local / 32G remote,stream_read_32g_remote_4kstride,off,77.0,64.22528
remote,0G local / 32G remote,stream_read_32g_remote_4kstride,off,78.0,65.536
remote,0G local / 32G remote,stream_read_32g_remote_4kstride,off,79.0,64.749568
remote,0G local / 32G remote,stream_read_32g_remote_4kstride,off,80.0,65.536
remote,0G local / 32G remote,stream_read_32g_remote_4kstride,off,81.0,65.011712
remote,0G local / 32G remote,stream_read_32g_remote_4kstride,off,82.0,64.487424
remote,0G local / 32G remote,stream_read_32g_remote_4kstride,off,83.0,65.011712
remote,0G local / 32G remote,stream_read_32g_remote_4kstride,off,84.0,65.798144
remote,0G local / 32G remote,stream_read_32g_remote_4kstride,off,85.0,64.22528
remote,0G local / 32G remote,stream_read_32g_remote_4kstride,off,86.0,65.273856
remote,0G local / 32G remote,stream_read_32g_remote_4kstride,off,87.0,65.011712
remote,0G local / 32G remote,stream_read_32g_remote_4kstride,off,88.0,65.273856
remote,0G local / 32G remote,stream_read_32g_remote_4kstride,off,89.0,65.011712
remote,0G local / 32G remote,stream_read_32g_remote_4kstride,off,90.001,65.47052947052947
remote,0G local / 32G remote,stream_read_32g_remote_4kstride,off,91.0,64.28956956956958
remote,0G local / 32G remote,stream_read_32g_remote_4kstride,off,92.0,66.322432
remote,0G local / 32G remote,stream_read_32g_remote_4kstride,off,93.0,64.749568
remote,0G local / 32G remote,stream_read_32g_remote_4kstride,off,94.0,64.487424
remote,0G local / 32G remote,stream_read_32g_remote_4kstride,off,95.0,65.273856
remote,0G local / 32G remote,stream_read_32g_remote_4kstride,off,96.0,65.273856
remote,0G local / 32G remote,stream_read_32g_remote_4kstride,off,97.0,65.536
remote,0G local / 32G remote,stream_read_32g_remote_4kstride,off,98.0,64.22528
remote,0G local / 32G remote,stream_read_32g_remote_4kstride,off,99.0,64.749568
remote,0G local / 32G remote,stream_read_32g_remote_4kstride,off,100.001,65.99429370629372
remote,0G local / 32G remote,stream_read_32g_remote_4kstride,off,101.0,65.07678878878879
remote,0G local / 32G remote,stream_read_32g_remote_4kstride,off,102.001,64.68488311688313
remote,0G local / 32G remote,stream_read_32g_remote_4kstride,off,103.0,65.3391951951952
remote,0G local / 32G remote,stream_read_32g_remote_4kstride,off,104.0,64.749568
remote,0G local / 32G remote,stream_read_32g_remote_4kstride,off,105.0,65.536
remote,0G local / 32G remote,stream_read_32g_remote_4kstride,off,106.0,65.011712
remote,0G local / 32G remote,stream_read_32g_remote_4kstride,off,107.0,65.273856
remote,0G local / 32G remote,stream_read_32g_remote_4kstride,off,108.0,63.700992
remote,0G local / 32G remote,stream_read_32g_remote_4kstride,off,109.0,65.798144
remote,0G local / 32G remote,stream_read_32g_remote_4kstride,off,110.0,65.536
remote,0G local / 32G remote,stream_read_32g_remote_4kstride,off,111.0,65.011712
remote,0G local / 32G remote,stream_read_32g_remote_4kstride,off,112.0,65.011712
remote,0G local / 32G remote,stream_read_32g_remote_4kstride,off,113.0,64.749568
remote,0G local / 32G remote,stream_read_32g_remote_4kstride,off,114.0,64.749568
remote,0G local / 32G remote,stream_read_32g_remote_4kstride,off,115.0,65.536
remote,0G local / 32G remote,stream_read_32g_remote_4kstride,off,116.0,65.273856
remote,0G local / 32G remote,stream_read_32g_remote_4kstride,off,117.0,64.487424
remote,0G local / 32G remote,stream_read_32g_remote_4kstride,off,118.0,65.273856
remote,0G local / 32G remote,stream_read_32g_remote_4kstride,off,119.0,65.011712
remote,0G local / 32G remote,stream_read_32g_remote_4kstride,off,120.0,64.22528
remote,0G local / 32G remote,stream_read_32g_remote_4kstride,off,121.0,64.487424
remote,0G local / 32G remote,stream_read_32g_remote_4kstride,off,122.0,66.584576
remote,0G local / 32G remote,stream_read_32g_remote_4kstride,off,123.0,65.011712
remote,0G local / 32G remote,stream_read_32g_remote_4kstride,off,124.0,63.700992
remote,0G local / 32G remote,stream_read_32g_remote_4kstride,off,125.001,65.47052947052947
remote,0G local / 32G remote,stream_read_32g_remote_4kstride,off,126.0,65.6016016016016
remote,0G local / 32G remote,stream_read_32g_remote_4kstride,off,127.0,64.487424
remote,0G local / 32G remote,stream_read_32g_remote_4kstride,off,128.0,64.487424
remote,0G local / 32G remote,stream_read_32g_remote_4kstride,off,129.0,65.798144
remote,0G local / 32G remote,stream_read_32g_remote_4kstride,off,130.0,65.011712
remote,0G local / 32G remote,stream_read_32g_remote_4kstride,off,131.001,65.20864735264736
remote,0G local / 32G remote,stream_read_32g_remote_4kstride,off,132.0,65.07678878878879
remote,0G local / 32G remote,stream_read_32g_remote_4kstride,off,133.0,65.011712
remote,0G local / 32G remote,stream_read_32g_remote_4kstride,off,134.0,65.011712
remote,0G local / 32G remote,stream_read_32g_remote_4kstride,off,135.0,65.536
remote,0G local / 32G remote,stream_read_32g_remote_4kstride,off,136.0,64.22528
remote,0G local / 32G remote,stream_read_32g_remote_4kstride,off,137.0,65.798144
remote,0G local / 32G remote,stream_read_32g_remote_4kstride,off,138.0,64.749568
remote,0G local / 32G remote,stream_read_32g_remote_4kstride,off,139.0,65.273856
remote,0G local / 32G remote,stream_read_32g_remote_4kstride,off,140.0,65.011712
remote,0G local / 32G remote,stream_read_32g_remote_4kstride,off,141.0,64.749568
remote,0G local / 32G remote,stream_read_32g_remote_4kstride,off,142.0,65.273856
remote,0G local / 32G remote,stream_read_32g_remote_4kstride,off,143.0,64.22528
remote,0G local / 32G remote,stream_read_32g_remote_4kstride,off,144.0,65.011712
remote,0G local / 32G remote,stream_read_32g_remote_4kstride,off,145.0,65.536
remote,0G local / 32G remote,stream_read_32g_remote_4kstride,off,146.0,65.273856
remote,0G local / 32G remote,stream_read_32g_remote_4kstride,off,147.0,63.963136
remote,0G local / 32G remote,stream_read_32g_remote_4kstride,off,148.0,64.749568
remote,0G local / 32G remote,stream_read_32g_remote_4kstride,off,149.0,66.322432
remote,0G local / 32G remote,stream_read_32g_remote_4kstride,off,150.0,64.749568
remote,0G local / 32G remote,stream_read_32g_remote_4kstride,off,151.0,63.963136
remote,0G local / 32G remote,stream_read_32g_remote_4kstride,off,152.0,65.011712
remote,0G local / 32G remote,stream_read_32g_remote_4kstride,off,153.0,66.322432
remote,0G local / 32G remote,stream_read_32g_remote_4kstride,off,154.0,64.22528
remote,0G local / 32G remote,stream_read_32g_remote_4kstride,off,155.0,64.22528
remote,0G local / 32G remote,stream_read_32g_remote_4kstride,off,156.0,65.536
remote,0G local / 32G remote,stream_read_32g_remote_4kstride,off,157.001,64.16111888111888
remote,0G local / 32G remote,stream_read_32g_remote_4kstride,off,158.0,66.12641441441441
remote,0G local / 32G remote,stream_read_32g_remote_4kstride,off,159.0,65.273856
remote,0G local / 32G remote,stream_read_32g_remote_4kstride,off,160.0,64.22528
remote,0G local / 32G remote,stream_read_32g_remote_4kstride,off,161.001,64.423000999001
remote,0G local / 32G remote,stream_read_32g_remote_4kstride,off,162.0,65.6016016016016
remote,0G local / 32G remote,stream_read_32g_remote_4kstride,off,163.0,66.060288
remote,0G local / 32G remote,stream_read_32g_remote_4kstride,off,164.0,63.176704
remote,0G local / 32G remote,stream_read_32g_remote_4kstride,off,165.001,65.20864735264736
remote,0G local / 32G remote,stream_read_32g_remote_4kstride,off,166.0,65.6016016016016
remote,0G local / 32G remote,stream_read_32g_remote_4kstride,off,167.0,64.487424
remote,0G local / 32G remote,stream_read_32g_remote_4kstride,off,168.0,63.963136
remote,0G local / 32G remote,stream_read_32g_remote_4kstride,off,169.0,66.060288
remote,0G local / 32G remote,stream_read_32g_remote_4kstride,off,170.0,65.798144
remote,0G local / 32G remote,stream_read_32g_remote_4kstride,off,171.0,64.22528
remote,0G local / 32G remote,stream_read_32g_remote_4kstride,off,172.0,64.22528
remote,0G local / 32G remote,stream_read_32g_remote_4kstride,off,173.0,65.798144
remote,0G local / 32G remote,stream_read_32g_remote_4kstride,off,174.0,65.011712
remote,0G local / 32G remote,stream_read_32g_remote_4kstride,off,175.0,64.22528
remote,0G local / 32G remote,stream_read_32g_remote_4kstride,off,176.0,64.749568
remote,0G local / 32G remote,stream_read_32g_remote_4kstride,off,177.0,66.322432
remote,0G local / 32G remote,stream_read_32g_remote_4kstride,off,178.001,64.423000999001
remote,0G local / 32G remote,stream_read_32g_remote_4kstride,off,179.0,64.02716316316317
remote,0G local / 32G remote,stream_read_32g_remote_4kstride,off,180.0,65.536
remote,0G local / 32G remote,stream_read_32g_remote_4kstride,off,181.0,65.273856
remote,0G local / 32G remote,stream_read_32g_remote_4kstride,off,182.0,65.798144
remote,0G local / 32G remote,stream_read_32g_remote_4kstride,off,183.0,62.91456
remote,0G local / 32G remote,stream_read_32g_remote_4kstride,off,184.0,65.273856
remote,0G local / 32G remote,stream_read_32g_remote_4kstride,off,185.0,66.060288
remote,0G local / 32G remote,stream_read_32g_remote_4kstride,off,186.0,64.749568
remote,0G local / 32G remote,stream_read_32g_remote_4kstride,off,187.0,63.963136
remote,0G local / 32G remote,stream_read_32g_remote_4kstride,off,188.0,65.011712
remote,0G local / 32G remote,stream_read_32g_remote_4kstride,off,189.0,66.060288
remote,0G local / 32G remote,stream_read_32g_remote_4kstride,off,190.0,65.011712
remote,0G local / 32G remote,stream_read_32g_remote_4kstride,off,191.0,63.700992
remote,0G local / 32G remote,stream_read_32g_remote_4kstride,off,192.0,64.487424
remote,0G local / 32G remote,stream_read_32g_remote_4kstride,off,193.0,65.798144
remote,0G local / 32G remote,stream_read_32g_remote_4kstride,off,194.0,65.273856
remote,0G local / 32G remote,stream_read_32g_remote_4kstride,off,195.0,64.22528
remote,0G local / 32G remote,stream_read_32g_remote_4kstride,off,196.0,64.749568
remote,0G local / 32G remote,stream_read_32g_remote_4kstride,off,197.0,65.273856
remote,0G local / 32G remote,stream_read_32g_remote_4kstride,off,198.0,65.536
remote,0G local / 32G remote,stream_read_32g_remote_4kstride,off,199.0,64.22528
remote,0G local / 32G remote,stream_read_32g_remote_4kstride,off,200.0,65.273856
remote,0G local / 32G remote,stream_read_32g_remote_4kstride,on,1.0,297.271296
remote,0G local / 32G remote,stream_read_32g_remote_4kstride,on,2.0,150.7328
remote,0G local / 32G remote,stream_read_32g_remote_4kstride,on,3.0,210.501632
remote,0G local / 32G remote,stream_read_32g_remote_4kstride,on,4.0,371.195904
remote,0G local / 32G remote,stream_read_32g_remote_4kstride,on,5.0,246.153216
remote,0G local / 32G remote,stream_read_32g_remote_4kstride,on,6.0,338.427904
remote,0G local / 32G remote,stream_read_32g_remote_4kstride,on,7.0,314.048512
remote,0G local / 32G remote,stream_read_32g_remote_4kstride,on,8.0,285.474816
remote,0G local / 32G remote,stream_read_32g_remote_4kstride,on,9.0,405.536768
remote,0G local / 32G remote,stream_read_32g_remote_4kstride,on,10.0,280.49408
remote,0G local / 32G remote,stream_read_32g_remote_4kstride,on,11.0,345.243648
remote,0G local / 32G remote,stream_read_32g_remote_4kstride,on,12.0,160.432128
remote,0G local / 32G remote,stream_read_32g_remote_4kstride,on,13.0,178.520064
remote,0G local / 32G remote,stream_read_32g_remote_4kstride,on,14.0,156.499968
remote,0G local / 32G remote,stream_read_32g_remote_4kstride,on,15.0,195.821568
remote,0G local / 32G remote,stream_read_32g_remote_4kstride,on,16.0,281.280512
remote,0G local / 32G remote,stream_read_32g_remote_4kstride,on,17.0,323.74784
remote,0G local / 32G remote,stream_read_32g_remote_4kstride,on,18.0,170.3936
remote,0G local / 32G remote,stream_read_32g_remote_4kstride,on,19.0,167.247872
remote,0G local / 32G remote,stream_read_32g_remote_4kstride,on,20.0,274.726912
remote,0G local / 32G remote,stream_read_32g_remote_4kstride,on,21.0,205.520896
remote,0G local / 32G remote,stream_read_32g_remote_4kstride,on,22.0,198.967296
remote,0G local / 32G remote,stream_read_32g_remote_4kstride,on,23.0,198.705152
remote,0G local / 32G remote,stream_read_32g_remote_4kstride,on,24.0,195.821568
remote,0G local / 32G remote,stream_read_32g_remote_4kstride,on,25.0,197.394432
remote,0G local / 32G remote,stream_read_32g_remote_4kstride,on,26.0,196.870144
remote,0G local / 32G remote,stream_read_32g_remote_4kstride,on,27.0,198.967296
remote,0G local / 32G remote,stream_read_32g_remote_4kstride,on,28.0,197.656576
remote,0G local / 32G remote,stream_read_32g_remote_4kstride,on,29.0,196.608
remote,0G local / 32G remote,stream_read_32g_remote_4kstride,on,30.0,198.705152
remote,0G local / 32G remote,stream_read_32g_remote_4kstride,on,31.0,205.258752
remote,0G local / 32G remote,stream_read_32g_remote_4kstride,on,32.0,197.91872
remote,0G local / 32G remote,stream_read_32g_remote_4kstride,on,33.0,197.394432
remote,0G local / 32G remote,stream_read_32g_remote_4kstride,on,34.0,197.91872
remote,0G local / 32G remote,stream_read_32g_remote_4kstride,on,35.0,197.656576
remote,0G local / 32G remote,stream_read_32g_remote_4kstride,on,36.0,209.453056
remote,0G local / 32G remote,stream_read_32g_remote_4kstride,on,37.0,196.345856
remote,0G local / 32G remote,stream_read_32g_remote_4kstride,on,38.0,198.180864
remote,0G local / 32G remote,stream_read_32g_remote_4kstride,on,39.0,196.608
remote,0G local / 32G remote,stream_read_32g_remote_4kstride,on,40.0,197.132288
remote,0G local / 32G remote,stream_read_32g_remote_4kstride,on,41.0,197.394432
remote,0G local / 32G remote,stream_read_32g_remote_4kstride,on,42.0,196.083712
remote,0G local / 32G remote,stream_read_32g_remote_4kstride,on,43.001,197.4591168831169
remote,0G local / 32G remote,stream_read_32g_remote_4kstride,on,44.0,196.5423983983984
remote,0G local / 32G remote,stream_read_32g_remote_4kstride,on,45.0,199.22944
remote,0G local / 32G remote,stream_read_32g_remote_4kstride,on,46.0,198.967296
remote,0G local / 32G remote,stream_read_32g_remote_4kstride,on,47.0,197.394432
remote,0G local / 32G remote,stream_read_32g_remote_4kstride,on,48.0,196.083712
remote,0G local / 32G remote,stream_read_32g_remote_4kstride,on,49.0,197.394432
remote,0G local / 32G remote,stream_read_32g_remote_4kstride,on,50.0,197.656576
remote,0G local / 32G remote,stream_read_32g_remote_4kstride,on,51.0,207.355904
remote,0G local / 32G remote,stream_read_32g_remote_4kstride,on,52.0,197.132288
remote,0G local / 32G remote,stream_read_32g_remote_4kstride,on,53.0,198.705152
remote,0G local / 32G remote,stream_read_32g_remote_4kstride,on,54.0,197.656576
remote,0G local / 32G remote,stream_read_32g_remote_4kstride,on,55.0,195.821568
remote,0G local / 32G remote,stream_read_32g_remote_4kstride,on,56.0,201.064448
remote,0G local / 32G remote,stream_read_32g_remote_4kstride,on,57.0,197.656576
remote,0G local / 32G remote,stream_read_32g_remote_4kstride,on,58.0,198.705152
remote,0G local / 32G remote,stream_read_32g_remote_4kstride,on,59.0,198.705152
remote,0G local / 32G remote,stream_read_32g_remote_4kstride,on,60.0,196.608
remote,0G local / 32G remote,stream_read_32g_remote_4kstride,on,61.0,197.394432
remote,0G local / 32G remote,stream_read_32g_remote_4kstride,on,62.0,196.870144
remote,0G local / 32G remote,stream_read_32g_remote_4kstride,on,63.001,196.14970629370632
remote,0G local / 32G remote,stream_read_32g_remote_4kstride,on,64.0,197.85443043043045
remote,0G local / 32G remote,stream_read_32g_remote_4kstride,on,65.0,198.967296
remote,0G local / 32G remote,stream_read_32g_remote_4kstride,on,66.0,198.967296
remote,0G local / 32G remote,stream_read_32g_remote_4kstride,on,67.0,199.22944
remote,0G local / 32G remote,stream_read_32g_remote_4kstride,on,68.0,196.608
remote,0G local / 32G remote,stream_read_32g_remote_4kstride,on,69.0,197.394432
remote,0G local / 32G remote,stream_read_32g_remote_4kstride,on,70.0,196.870144
remote,0G local / 32G remote,stream_read_32g_remote_4kstride,on,71.001,199.29229170829174
remote,0G local / 32G remote,stream_read_32g_remote_4kstride,on,72.0,195.49277277277275
remote,0G local / 32G remote,stream_read_32g_remote_4kstride,on,73.0,197.656576
remote,0G local / 32G remote,stream_read_32g_remote_4kstride,on,74.0,195.559424
remote,0G local / 32G remote,stream_read_32g_remote_4kstride,on,75.0,199.22944
remote,0G local / 32G remote,stream_read_32g_remote_4kstride,on,76.0,196.608
remote,0G local / 32G remote,stream_read_32g_remote_4kstride,on,77.001,197.72099900099903
remote,0G local / 32G remote,stream_read_32g_remote_4kstride,on,78.0,197.3296176176176
remote,0G local / 32G remote,stream_read_32g_remote_4kstride,on,79.0,197.132288
remote,0G local / 32G remote,stream_read_32g_remote_4kstride,on,80.0,198.443008
remote,0G local / 32G remote,stream_read_32g_remote_4kstride,on,81.0,207.09376
remote,0G local / 32G remote,stream_read_32g_remote_4kstride,on,82.001,196.93535264735266
remote,0G local / 32G remote,stream_read_32g_remote_4kstride,on,83.0,197.0672112112112
remote,0G local / 32G remote,stream_read_32g_remote_4kstride,on,84.0,197.394432
remote,0G local / 32G remote,stream_read_32g_remote_4kstride,on,85.0,196.083712
remote,0G local / 32G remote,stream_read_32g_remote_4kstride,on,86.0,197.394432
remote,0G local / 32G remote,stream_read_32g_remote_4kstride,on,87.0,197.91872
remote,0G local / 32G remote,stream_read_32g_remote_4kstride,on,88.0,196.608
remote,0G local / 32G remote,stream_read_32g_remote_4kstride,on,89.0,201.064448
remote,0G local / 32G remote,stream_read_32g_remote_4kstride,on,90.0,213.909504
remote,0G local / 32G remote,stream_read_32g_remote_4kstride,on,91.0,305.135616
remote,0G local / 32G remote,stream_read_32g_remote_4kstride,on,92.0,362.283008
remote,0G local / 32G remote,stream_read_32g_remote_4kstride,on,93.0,298.319872
remote,0G local / 32G remote,stream_read_32g_remote_4kstride,on,94.0,332.136448
remote,0G local / 32G remote,stream_read_32g_remote_4kstride,on,95.0,263.192576
remote,0G local / 32G remote,stream_read_32g_remote_4kstride,on,96.0,399.7696
remote,0G local / 32G remote,stream_read_32g_remote_4kstride,on,97.0,268.959744
remote,0G local / 32G remote,stream_read_32g_remote_4kstride,on,98.0,157.024256
remote,0G local / 32G remote,stream_read_32g_remote_4kstride,on,99.0,235.667456
remote,0G local / 32G remote,stream_read_32g_remote_4kstride,on,100.0,324.796416
remote,0G local / 32G remote,stream_read_32g_remote_4kstride,on,101.0,392.167424
remote,0G local / 32G remote,stream_read_32g_remote_4kstride,on,102.0,177.733632
remote,0G local / 32G remote,stream_read_32g_remote_4kstride,on,103.0,185.860096
remote,0G local / 32G remote,stream_read_32g_remote_4kstride,on,104.0,244.318208
remote,0G local / 32G remote,stream_read_32g_remote_4kstride,on,105.0,430.702592
remote,0G local / 32G remote,stream_read_32g_remote_4kstride,on,106.0,165.412864
remote,0G local / 32G remote,stream_read_32g_remote_4kstride,on,107.0,166.985728
remote,0G local / 32G remote,stream_read_32g_remote_4kstride,on,108.0,190.0544
remote,0G local / 32G remote,stream_read_32g_remote_4kstride,on,109.0,384.303104
remote,0G local / 32G remote,stream_read_32g_remote_4kstride,on,110.0,325.320704
remote,0G local / 32G remote,stream_read_32g_remote_4kstride,on,111.001,166.29514485514488
remote,0G local / 32G remote,stream_read_32g_remote_4kstride,on,112.0,162.16715915915916
remote,0G local / 32G remote,stream_read_32g_remote_4kstride,on,113.0,385.35168
remote,0G local / 32G remote,stream_read_32g_remote_4kstride,on,114.0,255.852544
remote,0G local / 32G remote,stream_read_32g_remote_4kstride,on,115.0,169.869312
remote,0G local / 32G remote,stream_read_32g_remote_4kstride,on,116.0,164.364288
remote,0G local / 32G remote,stream_read_32g_remote_4kstride,on,117.0,309.067776
remote,0G local / 32G remote,stream_read_32g_remote_4kstride,on,118.0,361.234432
remote,0G local / 32G remote,stream_read_32g_remote_4kstride,on,119.0,183.762944
remote,0G local / 32G remote,stream_read_32g_remote_4kstride,on,120.0,182.452224
remote,0G local / 32G remote,stream_read_32g_remote_4kstride,on,121.0,202.899456
remote,0G local / 32G remote,stream_read_32g_remote_4kstride,on,122.001,386.79988811188815
remote,0G local / 32G remote,stream_read_32g_remote_4kstride,on,123.0,256.37105905905906
remote,0G local / 32G remote,stream_read_32g_remote_4kstride,on,124.0,165.675008
remote,0G local / 32G remote,stream_read_32g_remote_4kstride,on,125.0,185.860096
remote,0G local / 32G remote,stream_read_32g_remote_4kstride,on,126.0,166.723584
remote,0G local / 32G remote,stream_read_32g_remote_4kstride,on,127.0,166.199296
remote,0G local / 32G remote,stream_read_32g_remote_4kstride,on,128.001,183.57936463536464
remote,0G local / 32G remote,stream_read_32g_remote_4kstride,on,129.0,163.4791911911912
remote,0G local / 32G remote,stream_read_32g_remote_4kstride,on,130.0,168.034304
remote,0G local / 32G remote,stream_read_32g_remote_4kstride,on,131.0,167.77216
remote,0G local / 32G remote,stream_read_32g_remote_4kstride,on,132.0,169.345024
remote,0G local / 32G remote,stream_read_32g_remote_4kstride,on,133.0,166.723584
remote,0G local / 32G remote,stream_read_32g_remote_4kstride,on,134.0,170.917888
remote,0G local / 32G remote,stream_read_32g_remote_4kstride,on,135.0,173.801472
remote,0G local / 32G remote,stream_read_32g_remote_4kstride,on,136.0,162.791424
remote,0G local / 32G remote,stream_read_32g_remote_4kstride,on,137.0,175.898624
remote,0G local / 32G remote,stream_read_32g_remote_4kstride,on,138.0,163.053568
remote,0G local / 32G remote,stream_read_32g_remote_4kstride,on,139.0,178.520064
remote,0G local / 32G remote,stream_read_32g_remote_4kstride,on,140.0,165.412864
remote,0G local / 32G remote,stream_read_32g_remote_4kstride,on,141.0,168.296448
remote,0G local / 32G remote,stream_read_32g_remote_4kstride,on,142.0,169.08288
remote,0G local / 32G remote,stream_read_32g_remote_4kstride,on,143.0,178.782208
remote,0G local / 32G remote,stream_read_32g_remote_4kstride,on,144.0,165.937152
remote,0G local / 32G remote,stream_read_32g_remote_4kstride,on,145.0,169.869312
remote,0G local / 32G remote,stream_read_32g_remote_4kstride,on,146.0,166.723584
remote,0G local / 32G remote,stream_read_32g_remote_4kstride,on,147.0,173.801472
remote,0G local / 32G remote,stream_read_32g_remote_4kstride,on,148.0,167.247872
remote,0G local / 32G remote,stream_read_32g_remote_4kstride,on,149.0,166.46144
remote,0G local / 32G remote,stream_read_32g_remote_4kstride,on,150.0,178.25792
remote,0G local / 32G remote,stream_read_32g_remote_4kstride,on,151.0,163.315712
remote,0G local / 32G remote,stream_read_32g_remote_4kstride,on,152.0,170.131456
remote,0G local / 32G remote,stream_read_32g_remote_4kstride,on,153.0,173.801472
remote,0G local / 32G remote,stream_read_32g_remote_4kstride,on,154.0,173.277184
remote,0G local / 32G remote,stream_read_32g_remote_4kstride,on,155.0,167.510016
remote,0G local / 32G remote,stream_read_32g_remote_4kstride,on,156.0,185.335808
remote,0G local / 32G remote,stream_read_32g_remote_4kstride,on,157.0,214.171648
remote,0G local / 32G remote,stream_read_32g_remote_4kstride,on,158.0,214.695936
remote,0G local / 32G remote,stream_read_32g_remote_4kstride,on,159.0,213.385216
remote,0G local / 32G remote,stream_read_32g_remote_4kstride,on,160.0,212.33664
remote,0G local / 32G remote,stream_read_32g_remote_4kstride,on,161.0,214.171648
remote,0G local / 32G remote,stream_read_32g_remote_4kstride,on,162.0,216.530944
remote,0G local / 32G remote,stream_read_32g_remote_4kstride,on,163.0,213.123072
remote,0G local / 32G remote,stream_read_32g_remote_4kstride,on,164.0,212.860928
remote,0G local / 32G remote,stream_read_32g_remote_4kstride,on,165.0,214.95808
remote,0G local / 32G remote,stream_read_32g_remote_4kstride,on,166.0,213.909504
remote,0G local / 32G remote,stream_read_32g_remote_4kstride,on,167.0,221.51168
remote,0G local / 32G remote,stream_read_32g_remote_4kstride,on,168.0,213.123072
remote,0G local / 32G remote,stream_read_32g_remote_4kstride,on,169.0,213.123072
remote,0G local / 32G remote,stream_read_32g_remote_4kstride,on,170.0,213.64736
remote,0G local / 32G remote,stream_read_32g_remote_4kstride,on,171.0,213.64736
remote,0G local / 32G remote,stream_read_32g_remote_4kstride,on,172.0,216.793088
remote,0G local / 32G remote,stream_read_32g_remote_4kstride,on,173.0,213.123072
remote,0G local / 32G remote,stream_read_32g_remote_4kstride,on,174.0,213.385216
remote,0G local / 32G remote,stream_read_32g_remote_4kstride,on,175.0,213.64736
remote,0G local / 32G remote,stream_read_32g_remote_4kstride,on,176.0,213.123072
remote,0G local / 32G remote,stream_read_32g_remote_4kstride,on,177.0,213.385216
remote,0G local / 32G remote,stream_read_32g_remote_4kstride,on,178.001,212.64827972027976
remote,0G local / 32G remote,stream_read_32g_remote_4kstride,on,179.0,212.8115955955956
remote,0G local / 32G remote,stream_read_32g_remote_4kstride,on,180.0,214.95808
remote,0G local / 32G remote,stream_read_32g_remote_4kstride,on,181.0,211.550208
remote,0G local / 32G remote,stream_read_32g_remote_4kstride,on,182.0,220.987392
remote,0G local / 32G remote,stream_read_32g_remote_4kstride,on,183.0,213.64736
remote,0G local / 32G remote,stream_read_32g_remote_4kstride,on,184.0,214.433792
remote,0G local / 32G remote,stream_read_32g_remote_4kstride,on,185.0,213.123072
remote,0G local / 32G remote,stream_read_32g_remote_4kstride,on,186.0,213.385216
remote,0G local / 32G remote,stream_read_32g_remote_4kstride,on,187.0,214.95808
remote,0G local / 32G remote,stream_read_32g_remote_4kstride,on,188.001,213.4339260739261
remote,0G local / 32G remote,stream_read_32g_remote_4kstride,on,189.0,212.5491891891892
remote,0G local / 32G remote,stream_read_32g_remote_4kstride,on,190.0,214.171648
remote,0G local / 32G remote,stream_read_32g_remote_4kstride,on,191.0,213.123072
remote,0G local / 32G remote,stream_read_32g_remote_4kstride,on,192.0,224.657408
remote,0G local / 32G remote,stream_read_32g_remote_4kstride,on,193.001,212.3863976023976
remote,0G local / 32G remote,stream_read_32g_remote_4kstride,on,194.0,214.12362762762763
remote,0G local / 32G remote,stream_read_32g_remote_4kstride,on,195.0,213.385216
remote,0G local / 32G remote,stream_read_32g_remote_4kstride,on,196.0,212.860928
remote,0G local / 32G remote,stream_read_32g_remote_4kstride,on,197.0,214.433792
remote,0G local / 32G remote,stream_read_32g_remote_4kstride,on,198.0,213.909504
remote,0G local / 32G remote,stream_read_32g_remote_4kstride,on,199.0,212.860928
remote,0G local / 32G remote,stream_read_32g_remote_4kstride,on,200.0,214.695936
split8,8G local / 24G remote,stream_read_32g_split8_4kstride,off,1.0,280.49408
split8,8G local / 24G remote,stream_read_32g_split8_4kstride,off,2.0,280.231936
split8,8G local / 24G remote,stream_read_32g_split8_4kstride,off,3.0,278.921216
split8,8G local / 24G remote,stream_read_32g_split8_4kstride,off,4.0,280.756224
split8,8G local / 24G remote,stream_read_32g_split8_4kstride,off,5.0,279.18336
split8,8G local / 24G remote,stream_read_32g_split8_4kstride,off,6.0,284.164096
split8,8G local / 24G remote,stream_read_32g_split8_4kstride,off,7.0,280.231936
split8,8G local / 24G remote,stream_read_32g_split8_4kstride,off,8.006,280.124055666004
split8,8G local / 24G remote,stream_read_32g_split8_4kstride,off,9.0,280.0773923541247
split8,8G local / 24G remote,stream_read_32g_split8_4kstride,off,10.0,281.018368
split8,8G local / 24G remote,stream_read_32g_split8_4kstride,off,11.0,287.04768
split8,8G local / 24G remote,stream_read_32g_split8_4kstride,off,12.0,280.49408
split8,8G local / 24G remote,stream_read_32g_split8_4kstride,off,13.0,281.018368
split8,8G local / 24G remote,stream_read_32g_split8_4kstride,off,14.001,279.69010189810194
split8,8G local / 24G remote,stream_read_32g_split8_4kstride,off,15.0,279.9876356356356
split8,8G local / 24G remote,stream_read_32g_split8_4kstride,off,16.0,281.018368
split8,8G local / 24G remote,stream_read_32g_split8_4kstride,off,17.0,279.445504
split8,8G local / 24G remote,stream_read_32g_split8_4kstride,off,18.0,280.756224
split8,8G local / 24G remote,stream_read_32g_split8_4kstride,off,19.0,280.756224
split8,8G local / 24G remote,stream_read_32g_split8_4kstride,off,20.0,280.231936
split8,8G local / 24G remote,stream_read_32g_split8_4kstride,off,21.0,289.406976
split8,8G local / 24G remote,stream_read_32g_split8_4kstride,off,22.0,281.018368
split8,8G local / 24G remote,stream_read_32g_split8_4kstride,off,23.0,280.231936
split8,8G local / 24G remote,stream_read_32g_split8_4kstride,off,24.001,280.2138661338662
split8,8G local / 24G remote,stream_read_32g_split8_4kstride,off,25.0,279.20041641641643
split8,8G local / 24G remote,stream_read_32g_split8_4kstride,off,26.0,279.969792
split8,8G local / 24G remote,stream_read_32g_split8_4kstride,off,27.0,280.756224
split8,8G local / 24G remote,stream_read_32g_split8_4kstride,off,28.0,281.542656
split8,8G local / 24G remote,stream_read_32g_split8_4kstride,off,29.0,279.445504
split8,8G local / 24G remote,stream_read_32g_split8_4kstride,off,30.0,279.969792
split8,8G local / 24G remote,stream_read_32g_split8_4kstride,off,31.0,282.591232
split8,8G local / 24G remote,stream_read_32g_split8_4kstride,off,32.0,280.49408
split8,8G local / 24G remote,stream_read_32g_split8_4kstride,off,33.0,284.42624
split8,8G local / 24G remote,stream_read_32g_split8_4kstride,off,34.001,279.69010189810194
split8,8G local / 24G remote,stream_read_32g_split8_4kstride,off,35.0,279.9876356356356
split8,8G local / 24G remote,stream_read_32g_split8_4kstride,off,36.0,286.785536
split8,8G local / 24G remote,stream_read_32g_split8_4kstride,off,37.0,281.542656
split8,8G local / 24G remote,stream_read_32g_split8_4kstride,off,38.0,279.707648
split8,8G local / 24G remote,stream_read_32g_split8_4kstride,off,39.0,279.969792
split8,8G local / 24G remote,stream_read_32g_split8_4kstride,off,40.0,281.018368
split8,8G local / 24G remote,stream_read_32g_split8_4kstride,off,41.0,282.066944
split8,8G local / 24G remote,stream_read_32g_split8_4kstride,off,42.0,279.445504
split8,8G local / 24G remote,stream_read_32g_split8_4kstride,off,43.0,280.231936
split8,8G local / 24G remote,stream_read_32g_split8_4kstride,off,44.0,280.49408
split8,8G local / 24G remote,stream_read_32g_split8_4kstride,off,45.0,280.231936
split8,8G local / 24G remote,stream_read_32g_split8_4kstride,off,46.004,280.4209721115538
split8,8G local / 24G remote,stream_read_32g_split8_4kstride,off,47.0,281.62056224899595
split8,8G local / 24G remote,stream_read_32g_split8_4kstride,off,48.0,278.134784
split8,8G local / 24G remote,stream_read_32g_split8_4kstride,off,49.0,280.756224
split8,8G local / 24G remote,stream_read_32g_split8_4kstride,off,50.0,279.969792
split8,8G local / 24G remote,stream_read_32g_split8_4kstride,off,51.0,283.11552
split8,8G local / 24G remote,stream_read_32g_split8_4kstride,off,52.0,281.280512
split8,8G local / 24G remote,stream_read_32g_split8_4kstride,off,53.0,280.756224
split8,8G local / 24G remote,stream_read_32g_split8_4kstride,off,54.0,278.659072
split8,8G local / 24G remote,stream_read_32g_split8_4kstride,off,55.0,280.49408
split8,8G local / 24G remote,stream_read_32g_split8_4kstride,off,56.0,287.309824
split8,8G local / 24G remote,stream_read_32g_split8_4kstride,off,57.0,278.921216
split8,8G local / 24G remote,stream_read_32g_split8_4kstride,off,58.0,280.756224
split8,8G local / 24G remote,stream_read_32g_split8_4kstride,off,59.0,279.969792
split8,8G local / 24G remote,stream_read_32g_split8_4kstride,off,60.0,279.707648
split8,8G local / 24G remote,stream_read_32g_split8_4kstride,off,61.0,284.688384
split8,8G local / 24G remote,stream_read_32g_split8_4kstride,off,62.0,279.969792
split8,8G local / 24G remote,stream_read_32g_split8_4kstride,off,63.0,280.231936
split8,8G local / 24G remote,stream_read_32g_split8_4kstride,off,64.0,279.18336
split8,8G local / 24G remote,stream_read_32g_split8_4kstride,off,65.0,280.756224
split8,8G local / 24G remote,stream_read_32g_split8_4kstride,off,66.0,287.309824
split8,8G local / 24G remote,stream_read_32g_split8_4kstride,off,67.0,281.018368
split8,8G local / 24G remote,stream_read_32g_split8_4kstride,off,68.0,279.18336
split8,8G local / 24G remote,stream_read_32g_split8_4kstride,off,69.0,278.659072
split8,8G local / 24G remote,stream_read_32g_split8_4kstride,off,70.0,279.18336
split8,8G local / 24G remote,stream_read_32g_split8_4kstride,off,71.0,281.018368
split8,8G local / 24G remote,stream_read_32g_split8_4kstride,off,72.0,281.542656
split8,8G local / 24G remote,stream_read_32g_split8_4kstride,off,73.0,281.280512
split8,8G local / 24G remote,stream_read_32g_split8_4kstride,off,74.0,280.231936
split8,8G local / 24G remote,stream_read_32g_split8_4kstride,off,75.0,279.707648
split8,8G local / 24G remote,stream_read_32g_split8_4kstride,off,76.001,282.3089230769231
split8,8G local / 24G remote,stream_read_32g_split8_4kstride,off,77.0,280.250042042042
split8,8G local / 24G remote,stream_read_32g_split8_4kstride,off,78.0,279.707648
split8,8G local / 24G remote,stream_read_32g_split8_4kstride,off,79.0,281.018368
split8,8G local / 24G remote,stream_read_32g_split8_4kstride,off,80.0,281.280512
split8,8G local / 24G remote,stream_read_32g_split8_4kstride,off,81.0,278.659072
split8,8G local / 24G remote,stream_read_32g_split8_4kstride,off,82.0,278.921216
split8,8G local / 24G remote,stream_read_32g_split8_4kstride,off,83.0,280.49408
split8,8G local / 24G remote,stream_read_32g_split8_4kstride,off,84.0,278.921216
split8,8G local / 24G remote,stream_read_32g_split8_4kstride,off,85.001,279.1663376623377
split8,8G local / 24G remote,stream_read_32g_split8_4kstride,off,86.0,280.7748548548549
split8,8G local / 24G remote,stream_read_32g_split8_4kstride,off,87.0,279.969792
split8,8G local / 24G remote,stream_read_32g_split8_4kstride,off,88.0,279.707648
split8,8G local / 24G remote,stream_read_32g_split8_4kstride,off,89.0,279.18336
split8,8G local / 24G remote,stream_read_32g_split8_4kstride,off,90.0,280.49408
split8,8G local / 24G remote,stream_read_32g_split8_4kstride,off,91.0,286.785536
split8,8G local / 24G remote,stream_read_32g_split8_4kstride,off,92.0,279.18336
split8,8G local / 24G remote,stream_read_32g_split8_4kstride,off,93.0,278.921216
split8,8G local / 24G remote,stream_read_32g_split8_4kstride,off,94.001,280.47574825174826
split8,8G local / 24G remote,stream_read_32g_split8_4kstride,off,95.0,279.46282282282283
split8,8G local / 24G remote,stream_read_32g_split8_4kstride,off,96.0,283.639808
split8,8G local / 24G remote,stream_read_32g_split8_4kstride,off,97.0,278.921216
split8,8G local / 24G remote,stream_read_32g_split8_4kstride,off,98.0,280.756224
split8,8G local / 24G remote,stream_read_32g_split8_4kstride,off,99.0,279.969792
split8,8G local / 24G remote,stream_read_32g_split8_4kstride,off,100.0,279.707648
split8,8G local / 24G remote,stream_read_32g_split8_4kstride,off,101.0,288.096256
split8,8G local / 24G remote,stream_read_32g_split8_4kstride,off,102.0,280.231936
split8,8G local / 24G remote,stream_read_32g_split8_4kstride,off,103.0,280.49408
split8,8G local / 24G remote,stream_read_32g_split8_4kstride,off,104.0,279.18336
split8,8G local / 24G remote,stream_read_32g_split8_4kstride,off,105.0,279.969792
split8,8G local / 24G remote,stream_read_32g_split8_4kstride,off,106.0,280.231936
split8,8G local / 24G remote,stream_read_32g_split8_4kstride,off,107.0,280.756224
split8,8G local / 24G remote,stream_read_32g_split8_4kstride,off,108.0,278.659072
split8,8G local / 24G remote,stream_read_32g_split8_4kstride,off,109.0,280.49408
split8,8G local / 24G remote,stream_read_32g_split8_4kstride,off,110.0,278.659072
split8,8G local / 24G remote,stream_read_32g_split8_4kstride,off,111.0,278.396928
split8,8G local / 24G remote,stream_read_32g_split8_4kstride,off,112.001,278.9044555444556
split8,8G local / 24G remote,stream_read_32g_split8_4kstride,off,113.0,279.9876356356356
split8,8G local / 24G remote,stream_read_32g_split8_4kstride,off,114.0,279.707648
split8,8G local / 24G remote,stream_read_32g_split8_4kstride,off,115.0,279.707648
split8,8G local / 24G remote,stream_read_32g_split8_4kstride,off,116.0,280.756224
split8,8G local / 24G remote,stream_read_32g_split8_4kstride,off,117.0,278.396928
split8,8G local / 24G remote,stream_read_32g_split8_4kstride,off,118.0,279.445504
split8,8G local / 24G remote,stream_read_32g_split8_4kstride,off,119.0,280.756224
split8,8G local / 24G remote,stream_read_32g_split8_4kstride,off,120.0,278.659072
split8,8G local / 24G remote,stream_read_32g_split8_4kstride,off,121.001,282.3089230769231
split8,8G local / 24G remote,stream_read_32g_split8_4kstride,off,122.0,281.5620740740741
split8,8G local / 24G remote,stream_read_32g_split8_4kstride,off,123.0,280.231936
split8,8G local / 24G remote,stream_read_32g_split8_4kstride,off,124.0,280.231936
split8,8G local / 24G remote,stream_read_32g_split8_4kstride,off,125.0,280.756224
split8,8G local / 24G remote,stream_read_32g_split8_4kstride,off,126.0,283.639808
split8,8G local / 24G remote,stream_read_32g_split8_4kstride,off,127.0,279.969792
split8,8G local / 24G remote,stream_read_32g_split8_4kstride,off,128.0,279.707648
split8,8G local / 24G remote,stream_read_32g_split8_4kstride,off,129.0,281.542656
split8,8G local / 24G remote,stream_read_32g_split8_4kstride,off,130.0,280.231936
split8,8G local / 24G remote,stream_read_32g_split8_4kstride,off,131.0,280.49408
split8,8G local / 24G remote,stream_read_32g_split8_4kstride,off,132.0,280.231936
split8,8G local / 24G remote,stream_read_32g_split8_4kstride,off,133.0,280.756224
split8,8G local / 24G remote,stream_read_32g_split8_4kstride,off,134.0,281.542656
split8,8G local / 24G remote,stream_read_32g_split8_4kstride,off,135.0,279.445504
split8,8G local / 24G remote,stream_read_32g_split8_4kstride,off,136.0,284.950528
split8,8G local / 24G remote,stream_read_32g_split8_4kstride,off,137.0,280.49408
split8,8G local / 24G remote,stream_read_32g_split8_4kstride,off,138.001,281.2613946053947
split8,8G local / 24G remote,stream_read_32g_split8_4kstride,off,139.0,280.7748548548549
split8,8G local / 24G remote,stream_read_32g_split8_4kstride,off,140.0,279.969792
split8,8G local / 24G remote,stream_read_32g_split8_4kstride,off,141.0,281.8048
split8,8G local / 24G remote,stream_read_32g_split8_4kstride,off,142.0,280.231936
split8,8G local / 24G remote,stream_read_32g_split8_4kstride,off,143.0,279.969792
split8,8G local / 24G remote,stream_read_32g_split8_4kstride,off,144.0,281.542656
split8,8G local / 24G remote,stream_read_32g_split8_4kstride,off,145.0,279.18336
split8,8G local / 24G remote,stream_read_32g_split8_4kstride,off,146.0,284.164096
split8,8G local / 24G remote,stream_read_32g_split8_4kstride,off,147.0,280.231936
split8,8G local / 24G remote,stream_read_32g_split8_4kstride,off,148.0,282.066944
split8,8G local / 24G remote,stream_read_32g_split8_4kstride,off,149.002,279.67259081836323
split8,8G local / 24G remote,stream_read_32g_split8_4kstride,off,150.0,280.7935230460922
split8,8G local / 24G remote,stream_read_32g_split8_4kstride,off,151.0,279.707648
split8,8G local / 24G remote,stream_read_32g_split8_4kstride,off,152.0,280.231936
split8,8G local / 24G remote,stream_read_32g_split8_4kstride,off,153.0,280.49408
split8,8G local / 24G remote,stream_read_32g_split8_4kstride,off,154.002,279.9342115768463
split8,8G local / 24G remote,stream_read_32g_split8_4kstride,off,155.0,280.5308537074148
split8,8G local / 24G remote,stream_read_32g_split8_4kstride,off,156.0,287.309824
split8,8G local / 24G remote,stream_read_32g_split8_4kstride,off,157.001,283.8802157842158
split8,8G local / 24G remote,stream_read_32g_split8_4kstride,off,158.0,280.7748548548549
split8,8G local / 24G remote,stream_read_32g_split8_4kstride,off,159.0,280.756224
split8,8G local / 24G remote,stream_read_32g_split8_4kstride,off,160.0,281.018368
split8,8G local / 24G remote,stream_read_32g_split8_4kstride,off,161.0,284.164096
split8,8G local / 24G remote,stream_read_32g_split8_4kstride,off,162.0,281.542656
split8,8G local / 24G remote,stream_read_32g_split8_4kstride,off,163.001,278.64257342657345
split8,8G local / 24G remote,stream_read_32g_split8_4kstride,off,164.0,279.7252292292292
split8,8G local / 24G remote,stream_read_32g_split8_4kstride,off,165.0,281.280512
split8,8G local / 24G remote,stream_read_32g_split8_4kstride,off,166.0,279.969792
split8,8G local / 24G remote,stream_read_32g_split8_4kstride,off,167.0,279.969792
split8,8G local / 24G remote,stream_read_32g_split8_4kstride,off,168.0,279.969792
split8,8G local / 24G remote,stream_read_32g_split8_4kstride,off,169.0,280.756224
split8,8G local / 24G remote,stream_read_32g_split8_4kstride,off,170.0,279.969792
split8,8G local / 24G remote,stream_read_32g_split8_4kstride,off,171.0,280.49408
split8,8G local / 24G remote,stream_read_32g_split8_4kstride,off,172.0,279.445504
split8,8G local / 24G remote,stream_read_32g_split8_4kstride,off,173.0,280.231936
split8,8G local / 24G remote,stream_read_32g_split8_4kstride,off,174.0,280.231936
split8,8G local / 24G remote,stream_read_32g_split8_4kstride,off,175.0,279.969792
split8,8G local / 24G remote,stream_read_32g_split8_4kstride,off,176.005,283.53286368159206
split8,8G local / 24G remote,stream_read_32g_split8_4kstride,off,177.0,288.2266693467337
split8,8G local / 24G remote,stream_read_32g_split8_4kstride,off,178.0,279.969792
split8,8G local / 24G remote,stream_read_32g_split8_4kstride,off,179.0,281.018368
split8,8G local / 24G remote,stream_read_32g_split8_4kstride,off,180.0,279.969792
split8,8G local / 24G remote,stream_read_32g_split8_4kstride,off,181.001,279.1663376623377
split8,8G local / 24G remote,stream_read_32g_split8_4kstride,off,182.0,282.3492932932933
split8,8G local / 24G remote,stream_read_32g_split8_4kstride,off,183.0,280.231936
split8,8G local / 24G remote,stream_read_32g_split8_4kstride,off,184.0,279.18336
split8,8G local / 24G remote,stream_read_32g_split8_4kstride,off,185.0,279.445504
split8,8G local / 24G remote,stream_read_32g_split8_4kstride,off,186.0,281.280512
split8,8G local / 24G remote,stream_read_32g_split8_4kstride,off,187.0,285.73696
split8,8G local / 24G remote,stream_read_32g_split8_4kstride,off,188.0,279.445504
split8,8G local / 24G remote,stream_read_32g_split8_4kstride,off,189.0,280.756224
split8,8G local / 24G remote,stream_read_32g_split8_4kstride,off,190.0,280.49408
split8,8G local / 24G remote,stream_read_32g_split8_4kstride,off,191.0,280.49408
split8,8G local / 24G remote,stream_read_32g_split8_4kstride,off,192.0,313.26208
split8,8G local / 24G remote,stream_read_32g_split8_4kstride,off,193.0,278.396928
split8,8G local / 24G remote,stream_read_32g_split8_4kstride,off,194.0,281.280512
split8,8G local / 24G remote,stream_read_32g_split8_4kstride,off,195.0,280.756224
split8,8G local / 24G remote,stream_read_32g_split8_4kstride,off,196.0,279.445504
split8,8G local / 24G remote,stream_read_32g_split8_4kstride,off,197.0,280.49408
split8,8G local / 24G remote,stream_read_32g_split8_4kstride,off,198.0,280.756224
split8,8G local / 24G remote,stream_read_32g_split8_4kstride,off,199.0,280.231936
split8,8G local / 24G remote,stream_read_32g_split8_4kstride,off,200.001,280.47574825174826
split8,8G local / 24G remote,stream_read_32g_split8_4kstride,on,1.0,199.22944
split8,8G local / 24G remote,stream_read_32g_split8_4kstride,on,2.0,267.38688
split8,8G local / 24G remote,stream_read_32g_split8_4kstride,on,3.0,186.908672
split8,8G local / 24G remote,stream_read_32g_split8_4kstride,on,4.0,333.447168
split8,8G local / 24G remote,stream_read_32g_split8_4kstride,on,5.0,262.930432
split8,8G local / 24G remote,stream_read_32g_split8_4kstride,on,6.0,391.118848
split8,8G local / 24G remote,stream_read_32g_split8_4kstride,on,7.001,255.5969470529471
split8,8G local / 24G remote,stream_read_32g_split8_4kstride,on,8.0,456.3247407407407
split8,8G local / 24G remote,stream_read_32g_split8_4kstride,on,9.0,350.486528
split8,8G local / 24G remote,stream_read_32g_split8_4kstride,on,10.0,241.434624
split8,8G local / 24G remote,stream_read_32g_split8_4kstride,on,11.0,241.696768
split8,8G local / 24G remote,stream_read_32g_split8_4kstride,on,12.001,294.09361838161846
split8,8G local / 24G remote,stream_read_32g_split8_4kstride,on,13.0,197.3296176176176
split8,8G local / 24G remote,stream_read_32g_split8_4kstride,on,14.0,242.745344
split8,8G local / 24G remote,stream_read_32g_split8_4kstride,on,15.0,244.056064
split8,8G local / 24G remote,stream_read_32g_split8_4kstride,on,16.0,262.144
split8,8G local / 24G remote,stream_read_32g_split8_4kstride,on,17.0,244.580352
split8,8G local / 24G remote,stream_read_32g_split8_4kstride,on,18.0,245.366784
split8,8G local / 24G remote,stream_read_32g_split8_4kstride,on,19.0,245.628928
split8,8G local / 24G remote,stream_read_32g_split8_4kstride,on,20.001,245.6454265734266
split8,8G local / 24G remote,stream_read_32g_split8_4kstride,on,21.0,246.1372092092092
split8,8G local / 24G remote,stream_read_32g_split8_4kstride,on,22.0,243.269632
split8,8G local / 24G remote,stream_read_32g_split8_4kstride,on,23.0,244.318208
split8,8G local / 24G remote,stream_read_32g_split8_4kstride,on,24.0,246.677504
split8,8G local / 24G remote,stream_read_32g_split8_4kstride,on,25.0,244.318208
split8,8G local / 24G remote,stream_read_32g_split8_4kstride,on,26.0,251.396096
split8,8G local / 24G remote,stream_read_32g_split8_4kstride,on,27.0,244.580352
split8,8G local / 24G remote,stream_read_32g_split8_4kstride,on,28.0,244.842496
split8,8G local / 24G remote,stream_read_32g_split8_4kstride,on,29.0,246.41536
split8,8G local / 24G remote,stream_read_32g_split8_4kstride,on,30.0,243.79392
split8,8G local / 24G remote,stream_read_32g_split8_4kstride,on,31.0,247.72608
split8,8G local / 24G remote,stream_read_32g_split8_4kstride,on,32.0,244.580352
split8,8G local / 24G remote,stream_read_32g_split8_4kstride,on,33.0,246.153216
split8,8G local / 24G remote,stream_read_32g_split8_4kstride,on,34.0,245.891072
split8,8G local / 24G remote,stream_read_32g_split8_4kstride,on,35.001,247.47860139860143
split8,8G local / 24G remote,stream_read_32g_split8_4kstride,on,36.0,254.0094014014014
split8,8G local / 24G remote,stream_read_32g_split8_4kstride,on,37.0,244.580352
split8,8G local / 24G remote,stream_read_32g_split8_4kstride,on,38.0,244.056064
split8,8G local / 24G remote,stream_read_32g_split8_4kstride,on,39.0,246.677504
split8,8G local / 24G remote,stream_read_32g_split8_4kstride,on,40.0,244.056064
split8,8G local / 24G remote,stream_read_32g_split8_4kstride,on,41.0,247.988224
split8,8G local / 24G remote,stream_read_32g_split8_4kstride,on,42.0,243.531776
split8,8G local / 24G remote,stream_read_32g_split8_4kstride,on,43.0,248.774656
split8,8G local / 24G remote,stream_read_32g_split8_4kstride,on,44.0,245.10464
split8,8G local / 24G remote,stream_read_32g_split8_4kstride,on,45.0,245.10464
split8,8G local / 24G remote,stream_read_32g_split8_4kstride,on,46.0,245.891072
split8,8G local / 24G remote,stream_read_32g_split8_4kstride,on,47.0,245.10464
split8,8G local / 24G remote,stream_read_32g_split8_4kstride,on,48.0,244.318208
split8,8G local / 24G remote,stream_read_32g_split8_4kstride,on,49.0,246.153216
split8,8G local / 24G remote,stream_read_32g_split8_4kstride,on,50.0,246.939648
split8,8G local / 24G remote,stream_read_32g_split8_4kstride,on,51.0,246.41536
split8,8G local / 24G remote,stream_read_32g_split8_4kstride,on,52.0,248.512512
split8,8G local / 24G remote,stream_read_32g_split8_4kstride,on,53.0,245.10464
split8,8G local / 24G remote,stream_read_32g_split8_4kstride,on,54.001,247.47860139860143
split8,8G local / 24G remote,stream_read_32g_split8_4kstride,on,55.0,245.08758358358358
split8,8G local / 24G remote,stream_read_32g_split8_4kstride,on,56.0,244.580352
split8,8G local / 24G remote,stream_read_32g_split8_4kstride,on,57.0,245.10464
split8,8G local / 24G remote,stream_read_32g_split8_4kstride,on,58.0,244.842496
split8,8G local / 24G remote,stream_read_32g_split8_4kstride,on,59.0,247.988224
split8,8G local / 24G remote,stream_read_32g_split8_4kstride,on,60.0,246.41536
split8,8G local / 24G remote,stream_read_32g_split8_4kstride,on,61.0,245.366784
split8,8G local / 24G remote,stream_read_32g_split8_4kstride,on,62.001,245.12166233766237
split8,8G local / 24G remote,stream_read_32g_split8_4kstride,on,63.0,245.08758358358358
split8,8G local / 24G remote,stream_read_32g_split8_4kstride,on,64.0,245.891072
split8,8G local / 24G remote,stream_read_32g_split8_4kstride,on,65.001,246.16919080919084
split8,8G local / 24G remote,stream_read_32g_split8_4kstride,on,66.0,243.77555155155156
split8,8G local / 24G remote,stream_read_32g_split8_4kstride,on,67.0,245.366784
split8,8G local / 24G remote,stream_read_32g_split8_4kstride,on,68.0,246.153216
split8,8G local / 24G remote,stream_read_32g_split8_4kstride,on,69.001,244.0741338661339
split8,8G local / 24G remote,stream_read_32g_split8_4kstride,on,70.0,246.1372092092092
split8,8G local / 24G remote,stream_read_32g_split8_4kstride,on,71.0,247.201792
split8,8G local / 24G remote,stream_read_32g_split8_4kstride,on,72.0,245.10464
split8,8G local / 24G remote,stream_read_32g_split8_4kstride,on,73.0,244.580352
split8,8G local / 24G remote,stream_read_32g_split8_4kstride,on,74.0,244.842496
split8,8G local / 24G remote,stream_read_32g_split8_4kstride,on,75.001,245.38354445554447
split8,8G local / 24G remote,stream_read_32g_split8_4kstride,on,76.0,243.51314514514516
split8,8G local / 24G remote,stream_read_32g_split8_4kstride,on,77.0,244.318208
split8,8G local / 24G remote,stream_read_32g_split8_4kstride,on,78.0,245.628928
split8,8G local / 24G remote,stream_read_32g_split8_4kstride,on,79.0,245.628928
split8,8G local / 24G remote,stream_read_32g_split8_4kstride,on,80.0,246.153216
split8,8G local / 24G remote,stream_read_32g_split8_4kstride,on,81.0,250.34752
split8,8G local / 24G remote,stream_read_32g_split8_4kstride,on,82.0,242.745344
split8,8G local / 24G remote,stream_read_32g_split8_4kstride,on,83.0,249.0368
split8,8G local / 24G remote,stream_read_32g_split8_4kstride,on,84.0,245.891072
split8,8G local / 24G remote,stream_read_32g_split8_4kstride,on,85.0,244.580352
split8,8G local / 24G remote,stream_read_32g_split8_4kstride,on,86.0,283.639808
split8,8G local / 24G remote,stream_read_32g_split8_4kstride,on,87.0,330.825728
split8,8G local / 24G remote,stream_read_32g_split8_4kstride,on,88.0,345.243648
split8,8G local / 24G remote,stream_read_32g_split8_4kstride,on,89.0,356.777984
split8,8G local / 24G remote,stream_read_32g_split8_4kstride,on,90.0,339.214336
split8,8G local / 24G remote,stream_read_32g_split8_4kstride,on,91.0,198.705152
split8,8G local / 24G remote,stream_read_32g_split8_4kstride,on,92.0,187.43296
split8,8G local / 24G remote,stream_read_32g_split8_4kstride,on,93.0,171.442176
split8,8G local / 24G remote,stream_read_32g_split8_4kstride,on,94.001,231.50379220779223
split8,8G local / 24G remote,stream_read_32g_split8_4kstride,on,95.0,332.2065105105105
split8,8G local / 24G remote,stream_read_32g_split8_4kstride,on,96.0,417.071104
split8,8G local / 24G remote,stream_read_32g_split8_4kstride,on,97.0,164.102144
split8,8G local / 24G remote,stream_read_32g_split8_4kstride,on,98.0,169.869312
split8,8G local / 24G remote,stream_read_32g_split8_4kstride,on,99.0,281.018368
split8,8G local / 24G remote,stream_read_32g_split8_4kstride,on,100.0,312.737792
split8,8G local / 24G remote,stream_read_32g_split8_4kstride,on,101.0,204.734464
split8,8G local / 24G remote,stream_read_32g_split8_4kstride,on,102.0,245.10464
split8,8G local / 24G remote,stream_read_32g_split8_4kstride,on,103.0,289.406976
split8,8G local / 24G remote,stream_read_32g_split8_4kstride,on,104.0,323.485696
split8,8G local / 24G remote,stream_read_32g_split8_4kstride,on,105.0,261.619712
split8,8G local / 24G remote,stream_read_32g_split8_4kstride,on,106.0,177.995776
split8,8G local / 24G remote,stream_read_32g_split8_4kstride,on,107.0,206.307328
split8,8G local / 24G remote,stream_read_32g_split8_4kstride,on,108.0,301.727744
split8,8G local / 24G remote,stream_read_32g_split8_4kstride,on,109.0,338.952192
split8,8G local / 24G remote,stream_read_32g_split8_4kstride,on,110.0,166.199296
split8,8G local / 24G remote,stream_read_32g_split8_4kstride,on,111.0,202.375168
split8,8G local / 24G remote,stream_read_32g_split8_4kstride,on,112.0,271.31904
split8,8G local / 24G remote,stream_read_32g_split8_4kstride,on,113.0,442.236928
split8,8G local / 24G remote,stream_read_32g_split8_4kstride,on,114.0,149.42208
split8,8G local / 24G remote,stream_read_32g_split8_4kstride,on,115.0,168.820736
split8,8G local / 24G remote,stream_read_32g_split8_4kstride,on,116.0,190.0544
split8,8G local / 24G remote,stream_read_32g_split8_4kstride,on,117.0,375.128064
split8,8G local / 24G remote,stream_read_32g_split8_4kstride,on,118.0,294.387712
split8,8G local / 24G remote,stream_read_32g_split8_4kstride,on,119.0,186.384384
split8,8G local / 24G remote,stream_read_32g_split8_4kstride,on,120.0,145.227776
split8,8G local / 24G remote,stream_read_32g_split8_4kstride,on,121.001,170.48525874125878
split8,8G local / 24G remote,stream_read_32g_split8_4kstride,on,122.0,164.2664104104104
split8,8G local / 24G remote,stream_read_32g_split8_4kstride,on,123.0,159.121408
split8,8G local / 24G remote,stream_read_32g_split8_4kstride,on,124.0,162.004992
split8,8G local / 24G remote,stream_read_32g_split8_4kstride,on,125.0,162.52928
split8,8G local / 24G remote,stream_read_32g_split8_4kstride,on,126.001,185.6744215784216
split8,8G local / 24G remote,stream_read_32g_split8_4kstride,on,127.0,170.82657057057057
split8,8G local / 24G remote,stream_read_32g_split8_4kstride,on,128.0,157.024256
split8,8G local / 24G remote,stream_read_32g_split8_4kstride,on,129.0,154.927104
split8,8G local / 24G remote,stream_read_32g_split8_4kstride,on,130.0,161.21856
split8,8G local / 24G remote,stream_read_32g_split8_4kstride,on,131.001,166.03326273726276
split8,8G local / 24G remote,stream_read_32g_split8_4kstride,on,132.0,171.8761961961962
split8,8G local / 24G remote,stream_read_32g_split8_4kstride,on,133.0,148.373504
split8,8G local / 24G remote,stream_read_32g_split8_4kstride,on,134.0,177.209344
split8,8G local / 24G remote,stream_read_32g_split8_4kstride,on,135.0,152.305664
split8,8G local / 24G remote,stream_read_32g_split8_4kstride,on,136.0,185.597952
split8,8G local / 24G remote,stream_read_32g_split8_4kstride,on,137.0,206.831616
split8,8G local / 24G remote,stream_read_32g_split8_4kstride,on,138.0,208.142336
split8,8G local / 24G remote,stream_read_32g_split8_4kstride,on,139.0,207.880192
split8,8G local / 24G remote,stream_read_32g_split8_4kstride,on,140.0,209.190912
split8,8G local / 24G remote,stream_read_32g_split8_4kstride,on,141.0,205.78304
split8,8G local / 24G remote,stream_read_32g_split8_4kstride,on,142.0,208.142336
split8,8G local / 24G remote,stream_read_32g_split8_4kstride,on,143.0,207.880192
split8,8G local / 24G remote,stream_read_32g_split8_4kstride,on,144.0,207.880192
split8,8G local / 24G remote,stream_read_32g_split8_4kstride,on,145.0,209.190912
split8,8G local / 24G remote,stream_read_32g_split8_4kstride,on,146.0,206.569472
split8,8G local / 24G remote,stream_read_32g_split8_4kstride,on,147.0,207.09376
split8,8G local / 24G remote,stream_read_32g_split8_4kstride,on,148.0,207.618048
split8,8G local / 24G remote,stream_read_32g_split8_4kstride,on,149.0,208.142336
split8,8G local / 24G remote,stream_read_32g_split8_4kstride,on,150.0,208.928768
split8,8G local / 24G remote,stream_read_32g_split8_4kstride,on,151.0,207.09376
split8,8G local / 24G remote,stream_read_32g_split8_4kstride,on,152.0,207.618048
split8,8G local / 24G remote,stream_read_32g_split8_4kstride,on,153.0,207.880192
split8,8G local / 24G remote,stream_read_32g_split8_4kstride,on,154.0,207.618048
split8,8G local / 24G remote,stream_read_32g_split8_4kstride,on,155.0,208.928768
split8,8G local / 24G remote,stream_read_32g_split8_4kstride,on,156.0,207.618048
split8,8G local / 24G remote,stream_read_32g_split8_4kstride,on,157.0,207.09376
split8,8G local / 24G remote,stream_read_32g_split8_4kstride,on,158.0,209.453056
split8,8G local / 24G remote,stream_read_32g_split8_4kstride,on,159.0,207.618048
split8,8G local / 24G remote,stream_read_32g_split8_4kstride,on,160.0,207.09376
split8,8G local / 24G remote,stream_read_32g_split8_4kstride,on,161.0,208.928768
split8,8G local / 24G remote,stream_read_32g_split8_4kstride,on,162.0,207.618048
split8,8G local / 24G remote,stream_read_32g_split8_4kstride,on,163.0,207.618048
split8,8G local / 24G remote,stream_read_32g_split8_4kstride,on,164.0,206.831616
split8,8G local / 24G remote,stream_read_32g_split8_4kstride,on,165.0,207.355904
split8,8G local / 24G remote,stream_read_32g_split8_4kstride,on,166.0,208.928768
split8,8G local / 24G remote,stream_read_32g_split8_4kstride,on,167.0,209.453056
split8,8G local / 24G remote,stream_read_32g_split8_4kstride,on,168.0,206.307328
split8,8G local / 24G remote,stream_read_32g_split8_4kstride,on,169.0,207.355904
split8,8G local / 24G remote,stream_read_32g_split8_4kstride,on,170.0,207.618048
split8,8G local / 24G remote,stream_read_32g_split8_4kstride,on,171.0,208.40448
split8,8G local / 24G remote,stream_read_32g_split8_4kstride,on,172.0,207.355904
split8,8G local / 24G remote,stream_read_32g_split8_4kstride,on,173.0,207.618048
split8,8G local / 24G remote,stream_read_32g_split8_4kstride,on,174.0,207.880192
split8,8G local / 24G remote,stream_read_32g_split8_4kstride,on,175.0,206.831616
split8,8G local / 24G remote,stream_read_32g_split8_4kstride,on,176.0,208.666624
split8,8G local / 24G remote,stream_read_32g_split8_4kstride,on,177.0,207.880192
split8,8G local / 24G remote,stream_read_32g_split8_4kstride,on,178.0,208.142336
split8,8G local / 24G remote,stream_read_32g_split8_4kstride,on,179.0,207.09376
split8,8G local / 24G remote,stream_read_32g_split8_4kstride,on,180.0,208.40448
split8,8G local / 24G remote,stream_read_32g_split8_4kstride,on,181.0,207.880192
split8,8G local / 24G remote,stream_read_32g_split8_4kstride,on,182.0,207.09376
split8,8G local / 24G remote,stream_read_32g_split8_4kstride,on,183.0,207.618048
split8,8G local / 24G remote,stream_read_32g_split8_4kstride,on,184.0,207.618048
split8,8G local / 24G remote,stream_read_32g_split8_4kstride,on,185.0,209.190912
split8,8G local / 24G remote,stream_read_32g_split8_4kstride,on,186.0,207.355904
split8,8G local / 24G remote,stream_read_32g_split8_4kstride,on,187.0,206.569472
split8,8G local / 24G remote,stream_read_32g_split8_4kstride,on,188.0,207.355904
split8,8G local / 24G remote,stream_read_32g_split8_4kstride,on,189.0,207.355904
split8,8G local / 24G remote,stream_read_32g_split8_4kstride,on,190.0,208.40448
split8,8G local / 24G remote,stream_read_32g_split8_4kstride,on,191.004,207.31308366533864
split8,8G local / 24G remote,stream_read_32g_split8_4kstride,on,192.0,207.92546184738956
split8,8G local / 24G remote,stream_read_32g_split8_4kstride,on,193.0,207.618048
split8,8G local / 24G remote,stream_read_32g_split8_4kstride,on,194.0,209.7152
split8,8G local / 24G remote,stream_read_32g_split8_4kstride,on,195.0,207.09376
split8,8G local / 24G remote,stream_read_32g_split8_4kstride,on,196.0,208.666624
split8,8G local / 24G remote,stream_read_32g_split8_4kstride,on,197.0,207.880192
split8,8G local / 24G remote,stream_read_32g_split8_4kstride,on,198.0,207.880192
split8,8G local / 24G remote,stream_read_32g_split8_4kstride,on,199.0,206.831616
split8,8G local / 24G remote,stream_read_32g_split8_4kstride,on,200.0,209.190912
split16,16G local / 16G remote,stream_read_32g_split16_4kstride,off,1.0,562.29888
split16,16G local / 16G remote,stream_read_32g_split16_4kstride,off,2.0,563.085312
split16,16G local / 16G remote,stream_read_32g_split16_4kstride,off,3.0,560.726016
split16,16G local / 16G remote,stream_read_32g_split16_4kstride,off,4.0,564.133888
split16,16G local / 16G remote,stream_read_32g_split16_4kstride,off,5.0,562.036736
split16,16G local / 16G remote,stream_read_32g_split16_4kstride,off,6.0,562.561024
split16,16G local / 16G remote,stream_read_32g_split16_4kstride,off,7.0,562.561024
split16,16G local / 16G remote,stream_read_32g_split16_4kstride,off,8.0,564.396032
split16,16G local / 16G remote,stream_read_32g_split16_4kstride,off,9.0,562.823168
split16,16G local / 16G remote,stream_read_32g_split16_4kstride,off,10.0,562.29888
split16,16G local / 16G remote,stream_read_32g_split16_4kstride,off,11.0,564.396032
split16,16G local / 16G remote,stream_read_32g_split16_4kstride,off,12.0,562.036736
split16,16G local / 16G remote,stream_read_32g_split16_4kstride,off,13.0,561.512448
split16,16G local / 16G remote,stream_read_32g_split16_4kstride,off,14.0,567.017472
split16,16G local / 16G remote,stream_read_32g_split16_4kstride,off,15.0,563.347456
split16,16G local / 16G remote,stream_read_32g_split16_4kstride,off,16.0,562.036736
split16,16G local / 16G remote,stream_read_32g_split16_4kstride,off,17.0,560.463872
split16,16G local / 16G remote,stream_read_32g_split16_4kstride,off,18.0,564.133888
split16,16G local / 16G remote,stream_read_32g_split16_4kstride,off,19.0,562.823168
split16,16G local / 16G remote,stream_read_32g_split16_4kstride,off,20.0,563.871744
split16,16G local / 16G remote,stream_read_32g_split16_4kstride,off,21.0,565.444608
split16,16G local / 16G remote,stream_read_32g_split16_4kstride,off,22.0,563.347456
split16,16G local / 16G remote,stream_read_32g_split16_4kstride,off,23.0,564.658176
split16,16G local / 16G remote,stream_read_32g_split16_4kstride,off,24.0,562.561024
split16,16G local / 16G remote,stream_read_32g_split16_4kstride,off,25.0,563.6096
split16,16G local / 16G remote,stream_read_32g_split16_4kstride,off,26.0,561.774592
split16,16G local / 16G remote,stream_read_32g_split16_4kstride,off,27.0,563.347456
split16,16G local / 16G remote,stream_read_32g_split16_4kstride,off,28.001,563.0465534465535
split16,16G local / 16G remote,stream_read_32g_split16_4kstride,off,29.0,563.648960960961
split16,16G local / 16G remote,stream_read_32g_split16_4kstride,off,30.0,564.92032
split16,16G local / 16G remote,stream_read_32g_split16_4kstride,off,31.002,566.4089421157685
split16,16G local / 16G remote,stream_read_32g_split16_4kstride,off,32.0,561.5870460921844
split16,16G local / 16G remote,stream_read_32g_split16_4kstride,off,33.0,564.92032
split16,16G local / 16G remote,stream_read_32g_split16_4kstride,off,34.001,563.5703176823178
split16,16G local / 16G remote,stream_read_32g_split16_4kstride,off,35.0,562.336928928929
split16,16G local / 16G remote,stream_read_32g_split16_4kstride,off,36.002,562.7462514970059
split16,16G local / 16G remote,stream_read_32g_split16_4kstride,off,37.0,562.1123847695391
split16,16G local / 16G remote,stream_read_32g_split16_4kstride,off,38.0,563.871744
split16,16G local / 16G remote,stream_read_32g_split16_4kstride,off,39.0,563.871744
split16,16G local / 16G remote,stream_read_32g_split16_4kstride,off,40.0,561.774592
split16,16G local / 16G remote,stream_read_32g_split16_4kstride,off,41.0,562.036736
split16,16G local / 16G remote,stream_read_32g_split16_4kstride,off,42.0,561.774592
split16,16G local / 16G remote,stream_read_32g_split16_4kstride,off,43.0,563.871744
split16,16G local / 16G remote,stream_read_32g_split16_4kstride,off,44.0,566.493184
split16,16G local / 16G remote,stream_read_32g_split16_4kstride,off,45.0,563.085312
split16,16G local / 16G remote,stream_read_32g_split16_4kstride,off,46.0,563.347456
split16,16G local / 16G remote,stream_read_32g_split16_4kstride,off,47.001,563.8321998001999
split16,16G local / 16G remote,stream_read_32g_split16_4kstride,off,48.0,563.3865545545546
split16,16G local / 16G remote,stream_read_32g_split16_4kstride,off,49.0,564.133888
split16,16G local / 16G remote,stream_read_32g_split16_4kstride,off,50.0,561.774592
split16,16G local / 16G remote,stream_read_32g_split16_4kstride,off,51.0,563.871744
split16,16G local / 16G remote,stream_read_32g_split16_4kstride,off,52.0,561.774592
split16,16G local / 16G remote,stream_read_32g_split16_4kstride,off,53.0,563.085312
split16,16G local / 16G remote,stream_read_32g_split16_4kstride,off,54.0,563.6096
split16,16G local / 16G remote,stream_read_32g_split16_4kstride,off,55.0,564.133888
split16,16G local / 16G remote,stream_read_32g_split16_4kstride,off,56.0,562.561024
split16,16G local / 16G remote,stream_read_32g_split16_4kstride,off,57.0,565.182464
split16,16G local / 16G remote,stream_read_32g_split16_4kstride,off,58.0,564.92032
split16,16G local / 16G remote,stream_read_32g_split16_4kstride,off,59.0,562.823168
split16,16G local / 16G remote,stream_read_32g_split16_4kstride,off,60.0,564.133888
split16,16G local / 16G remote,stream_read_32g_split16_4kstride,off,61.0,561.774592
split16,16G local / 16G remote,stream_read_32g_split16_4kstride,off,62.0,562.823168
split16,16G local / 16G remote,stream_read_32g_split16_4kstride,off,63.0,563.6096
split16,16G local / 16G remote,stream_read_32g_split16_4kstride,off,64.0,564.658176
split16,16G local / 16G remote,stream_read_32g_split16_4kstride,off,65.0,562.036736
split16,16G local / 16G remote,stream_read_32g_split16_4kstride,off,66.0,562.29888
split16,16G local / 16G remote,stream_read_32g_split16_4kstride,off,67.0,564.658176
split16,16G local / 16G remote,stream_read_32g_split16_4kstride,off,68.0,565.706752
split16,16G local / 16G remote,stream_read_32g_split16_4kstride,off,69.0,560.98816
split16,16G local / 16G remote,stream_read_32g_split16_4kstride,off,70.001,565.4034925074925
split16,16G local / 16G remote,stream_read_32g_split16_4kstride,off,71.0,559.9752712712713
split16,16G local / 16G remote,stream_read_32g_split16_4kstride,off,72.0,563.347456
split16,16G local / 16G remote,stream_read_32g_split16_4kstride,off,73.002,564.3159760479041
split16,16G local / 16G remote,stream_read_32g_split16_4kstride,off,74.0,565.2644168336673
split16,16G local / 16G remote,stream_read_32g_split16_4kstride,off,75.0,562.823168
split16,16G local / 16G remote,stream_read_32g_split16_4kstride,off,76.0,562.29888
split16,16G local / 16G remote,stream_read_32g_split16_4kstride,off,77.0,563.347456
split16,16G local / 16G remote,stream_read_32g_split16_4kstride,off,78.0,561.774592
split16,16G local / 16G remote,stream_read_32g_split16_4kstride,off,79.0,564.92032
split16,16G local / 16G remote,stream_read_32g_split16_4kstride,off,80.0,561.512448
split16,16G local / 16G remote,stream_read_32g_split16_4kstride,off,81.0,561.774592
split16,16G local / 16G remote,stream_read_32g_split16_4kstride,off,82.0,564.658176
split16,16G local / 16G remote,stream_read_32g_split16_4kstride,off,83.0,561.512448
split16,16G local / 16G remote,stream_read_32g_split16_4kstride,off,84.001,562.7846713286714
split16,16G local / 16G remote,stream_read_32g_split16_4kstride,off,85.0,564.6985865865865
split16,16G local / 16G remote,stream_read_32g_split16_4kstride,off,86.0,564.396032
split16,16G local / 16G remote,stream_read_32g_split16_4kstride,off,87.0,563.347456
split16,16G local / 16G remote,stream_read_32g_split16_4kstride,off,88.0,565.968896
split16,16G local / 16G remote,stream_read_32g_split16_4kstride,off,89.0,565.444608
split16,16G local / 16G remote,stream_read_32g_split16_4kstride,off,90.0,561.512448
split16,16G local / 16G remote,stream_read_32g_split16_4kstride,off,91.0,563.871744
split16,16G local / 16G remote,stream_read_32g_split16_4kstride,off,92.0,563.347456
split16,16G local / 16G remote,stream_read_32g_split16_4kstride,off,93.0,564.396032
split16,16G local / 16G remote,stream_read_32g_split16_4kstride,off,94.0,564.396032
split16,16G local / 16G remote,stream_read_32g_split16_4kstride,off,95.0,562.29888
split16,16G local / 16G remote,stream_read_32g_split16_4kstride,off,96.0,563.085312
split16,16G local / 16G remote,stream_read_32g_split16_4kstride,off,97.0,562.823168
split16,16G local / 16G remote,stream_read_32g_split16_4kstride,off,98.0,561.250304
split16,16G local / 16G remote,stream_read_32g_split16_4kstride,off,99.0,563.871744
split16,16G local / 16G remote,stream_read_32g_split16_4kstride,off,100.0,558.891008
split16,16G local / 16G remote,stream_read_32g_split16_4kstride,off,101.0,564.92032
split16,16G local / 16G remote,stream_read_32g_split16_4kstride,off,102.0,563.6096
split16,16G local / 16G remote,stream_read_32g_split16_4kstride,off,103.0,564.658176
split16,16G local / 16G remote,stream_read_32g_split16_4kstride,off,104.0,563.6096
split16,16G local / 16G remote,stream_read_32g_split16_4kstride,off,105.0,563.871744
split16,16G local / 16G remote,stream_read_32g_split16_4kstride,off,106.0,562.036736
split16,16G local / 16G remote,stream_read_32g_split16_4kstride,off,107.001,562.7846713286714
split16,16G local / 16G remote,stream_read_32g_split16_4kstride,off,108.0,562.0745225225226
split16,16G local / 16G remote,stream_read_32g_split16_4kstride,off,109.0,566.493184
split16,16G local / 16G remote,stream_read_32g_split16_4kstride,off,110.0,562.561024
split16,16G local / 16G remote,stream_read_32g_split16_4kstride,off,111.0,563.085312
split16,16G local / 16G remote,stream_read_32g_split16_4kstride,off,112.0,563.347456
split16,16G local / 16G remote,stream_read_32g_split16_4kstride,off,113.0,564.396032
split16,16G local / 16G remote,stream_read_32g_split16_4kstride,off,114.0,564.92032
split16,16G local / 16G remote,stream_read_32g_split16_4kstride,off,115.0,561.512448
split16,16G local / 16G remote,stream_read_32g_split16_4kstride,off,116.0,561.512448
split16,16G local / 16G remote,stream_read_32g_split16_4kstride,off,117.0,563.085312
split16,16G local / 16G remote,stream_read_32g_split16_4kstride,off,118.0,564.658176
split16,16G local / 16G remote,stream_read_32g_split16_4kstride,off,119.0,565.182464
split16,16G local / 16G remote,stream_read_32g_split16_4kstride,off,120.0,564.396032
split16,16G local / 16G remote,stream_read_32g_split16_4kstride,off,121.0,562.823168
split16,16G local / 16G remote,stream_read_32g_split16_4kstride,off,122.0,564.658176
split16,16G local / 16G remote,stream_read_32g_split16_4kstride,off,123.0,563.6096
split16,16G local / 16G remote,stream_read_32g_split16_4kstride,off,124.0,563.6096
split16,16G local / 16G remote,stream_read_32g_split16_4kstride,off,125.0,563.871744
split16,16G local / 16G remote,stream_read_32g_split16_4kstride,off,126.0,563.347456
split16,16G local / 16G remote,stream_read_32g_split16_4kstride,off,127.0,563.871744
split16,16G local / 16G remote,stream_read_32g_split16_4kstride,off,128.0,562.036736
split16,16G local / 16G remote,stream_read_32g_split16_4kstride,off,129.0,562.036736
split16,16G local / 16G remote,stream_read_32g_split16_4kstride,off,130.0,562.036736
split16,16G local / 16G remote,stream_read_32g_split16_4kstride,off,131.0,564.133888
split16,16G local / 16G remote,stream_read_32g_split16_4kstride,off,132.002,565.8857005988025
split16,16G local / 16G remote,stream_read_32g_split16_4kstride,off,133.0,563.9510701402806
split16,16G local / 16G remote,stream_read_32g_split16_4kstride,off,134.0,564.133888
split16,16G local / 16G remote,stream_read_32g_split16_4kstride,off,135.0,561.250304
split16,16G local / 16G remote,stream_read_32g_split16_4kstride,off,136.001,564.3559640359641
split16,16G local / 16G remote,stream_read_32g_split16_4kstride,off,137.0,563.3865545545546
split16,16G local / 16G remote,stream_read_32g_split16_4kstride,off,138.0,566.755328
split16,16G local / 16G remote,stream_read_32g_split16_4kstride,off,139.0,561.512448
split16,16G local / 16G remote,stream_read_32g_split16_4kstride,off,140.0,563.6096
split16,16G local / 16G remote,stream_read_32g_split16_4kstride,off,141.0,564.396032
split16,16G local / 16G remote,stream_read_32g_split16_4kstride,off,142.0,562.823168
split16,16G local / 16G remote,stream_read_32g_split16_4kstride,off,143.0,562.823168
split16,16G local / 16G remote,stream_read_32g_split16_4kstride,off,144.0,563.085312
split16,16G local / 16G remote,stream_read_32g_split16_4kstride,off,145.0,560.98816
split16,16G local / 16G remote,stream_read_32g_split16_4kstride,off,146.0,563.347456
split16,16G local / 16G remote,stream_read_32g_split16_4kstride,off,147.0,563.347456
split16,16G local / 16G remote,stream_read_32g_split16_4kstride,off,148.0,562.561024
split16,16G local / 16G remote,stream_read_32g_split16_4kstride,off,149.0,564.133888
split16,16G local / 16G remote,stream_read_32g_split16_4kstride,off,150.0,562.29888
split16,16G local / 16G remote,stream_read_32g_split16_4kstride,off,151.0,562.561024
split16,16G local / 16G remote,stream_read_32g_split16_4kstride,off,152.0,562.823168
split16,16G local / 16G remote,stream_read_32g_split16_4kstride,off,153.0,562.29888
split16,16G local / 16G remote,stream_read_32g_split16_4kstride,off,154.0,563.085312
split16,16G local / 16G remote,stream_read_32g_split16_4kstride,off,155.0,563.6096
split16,16G local / 16G remote,stream_read_32g_split16_4kstride,off,156.0,563.347456
split16,16G local / 16G remote,stream_read_32g_split16_4kstride,off,157.0,561.774592
split16,16G local / 16G remote,stream_read_32g_split16_4kstride,off,158.0,563.085312
split16,16G local / 16G remote,stream_read_32g_split16_4kstride,off,159.0,562.036736
split16,16G local / 16G remote,stream_read_32g_split16_4kstride,off,160.0,562.036736
split16,16G local / 16G remote,stream_read_32g_split16_4kstride,off,161.0,563.085312
split16,16G local / 16G remote,stream_read_32g_split16_4kstride,off,162.0,562.036736
split16,16G local / 16G remote,stream_read_32g_split16_4kstride,off,163.0,565.706752
split16,16G local / 16G remote,stream_read_32g_split16_4kstride,off,164.0,562.29888
split16,16G local / 16G remote,stream_read_32g_split16_4kstride,off,165.0,564.133888
split16,16G local / 16G remote,stream_read_32g_split16_4kstride,off,166.0,562.036736
split16,16G local / 16G remote,stream_read_32g_split16_4kstride,off,167.001,565.9272567432569
split16,16G local / 16G remote,stream_read_32g_split16_4kstride,off,168.0,563.9113673673673
split16,16G local / 16G remote,stream_read_32g_split16_4kstride,off,169.0,564.92032
split16,16G local / 16G remote,stream_read_32g_split16_4kstride,off,170.0,564.133888
split16,16G local / 16G remote,stream_read_32g_split16_4kstride,off,171.0,564.396032
split16,16G local / 16G remote,stream_read_32g_split16_4kstride,off,172.0,564.133888
split16,16G local / 16G remote,stream_read_32g_split16_4kstride,off,173.0,564.133888
split16,16G local / 16G remote,stream_read_32g_split16_4kstride,off,174.0,562.561024
split16,16G local / 16G remote,stream_read_32g_split16_4kstride,off,175.0,562.29888
split16,16G local / 16G remote,stream_read_32g_split16_4kstride,off,176.0,564.396032
split16,16G local / 16G remote,stream_read_32g_split16_4kstride,off,177.0,563.085312
split16,16G local / 16G remote,stream_read_32g_split16_4kstride,off,178.0,565.444608
split16,16G local / 16G remote,stream_read_32g_split16_4kstride,off,179.0,567.017472
split16,16G local / 16G remote,stream_read_32g_split16_4kstride,off,180.0,562.29888
split16,16G local / 16G remote,stream_read_32g_split16_4kstride,off,181.0,563.871744
split16,16G local / 16G remote,stream_read_32g_split16_4kstride,off,182.0,563.871744
split16,16G local / 16G remote,stream_read_32g_split16_4kstride,off,183.0,563.085312
split16,16G local / 16G remote,stream_read_32g_split16_4kstride,off,184.0,564.658176
split16,16G local / 16G remote,stream_read_32g_split16_4kstride,off,185.0,563.871744
split16,16G local / 16G remote,stream_read_32g_split16_4kstride,off,186.0,563.085312
split16,16G local / 16G remote,stream_read_32g_split16_4kstride,off,187.0,562.823168
split16,16G local / 16G remote,stream_read_32g_split16_4kstride,off,188.0,562.036736
split16,16G local / 16G remote,stream_read_32g_split16_4kstride,off,189.0,564.133888
split16,16G local / 16G remote,stream_read_32g_split16_4kstride,off,190.001,563.5703176823178
split16,16G local / 16G remote,stream_read_32g_split16_4kstride,off,191.0,562.336928928929
split16,16G local / 16G remote,stream_read_32g_split16_4kstride,off,192.0,563.6096
split16,16G local / 16G remote,stream_read_32g_split16_4kstride,off,193.0,563.871744
split16,16G local / 16G remote,stream_read_32g_split16_4kstride,off,194.0,563.347456
split16,16G local / 16G remote,stream_read_32g_split16_4kstride,off,195.0,564.396032
split16,16G local / 16G remote,stream_read_32g_split16_4kstride,off,196.0,562.823168
split16,16G local / 16G remote,stream_read_32g_split16_4kstride,off,197.0,562.823168
split16,16G local / 16G remote,stream_read_32g_split16_4kstride,off,198.0,561.512448
split16,16G local / 16G remote,stream_read_32g_split16_4kstride,off,199.0,563.871744
split16,16G local / 16G remote,stream_read_32g_split16_4kstride,off,200.0,566.23104
split16,16G local / 16G remote,stream_read_32g_split16_4kstride,on,1.001,514.5983616383617
split16,16G local / 16G remote,stream_read_32g_split16_4kstride,on,2.0,403.31864664664664
split16,16G local / 16G remote,stream_read_32g_split16_4kstride,on,3.0,457.44128
split16,16G local / 16G remote,stream_read_32g_split16_4kstride,on,4.001,416.91633166833174
split16,16G local / 16G remote,stream_read_32g_split16_4kstride,on,5.0,286.5477957957958
split16,16G local / 16G remote,stream_read_32g_split16_4kstride,on,6.0,296.22272
split16,16G local / 16G remote,stream_read_32g_split16_4kstride,on,7.0,245.891072
split16,16G local / 16G remote,stream_read_32g_split16_4kstride,on,8.0,196.345856
split16,16G local / 16G remote,stream_read_32g_split16_4kstride,on,9.0,195.29728
split16,16G local / 16G remote,stream_read_32g_split16_4kstride,on,10.0,197.91872
split16,16G local / 16G remote,stream_read_32g_split16_4kstride,on,11.0,199.22944
split16,16G local / 16G remote,stream_read_32g_split16_4kstride,on,12.0,201.064448
split16,16G local / 16G remote,stream_read_32g_split16_4kstride,on,13.001,196.93535264735266
split16,16G local / 16G remote,stream_read_32g_split16_4kstride,on,14.0,195.49277277277275
split16,16G local / 16G remote,stream_read_32g_split16_4kstride,on,15.0,197.132288
split16,16G local / 16G remote,stream_read_32g_split16_4kstride,on,16.0,212.598784
split16,16G local / 16G remote,stream_read_32g_split16_4kstride,on,17.0,197.656576
split16,16G local / 16G remote,stream_read_32g_split16_4kstride,on,18.0,196.870144
split16,16G local / 16G remote,stream_read_32g_split16_4kstride,on,19.0,196.608
split16,16G local / 16G remote,stream_read_32g_split16_4kstride,on,20.001,196.41158841158844
split16,16G local / 16G remote,stream_read_32g_split16_4kstride,on,21.0,195.75517917917918
split16,16G local / 16G remote,stream_read_32g_split16_4kstride,on,22.0,197.132288
split16,16G local / 16G remote,stream_read_32g_split16_4kstride,on,23.0,199.22944
split16,16G local / 16G remote,stream_read_32g_split16_4kstride,on,24.0,195.559424
split16,16G local / 16G remote,stream_read_32g_split16_4kstride,on,25.0,196.870144
split16,16G local / 16G remote,stream_read_32g_split16_4kstride,on,26.001,202.9586413586414
split16,16G local / 16G remote,stream_read_32g_split16_4kstride,on,27.0,197.0672112112112
split16,16G local / 16G remote,stream_read_32g_split16_4kstride,on,28.0,195.821568
split16,16G local / 16G remote,stream_read_32g_split16_4kstride,on,29.0,197.656576
split16,16G local / 16G remote,stream_read_32g_split16_4kstride,on,30.0,196.870144
split16,16G local / 16G remote,stream_read_32g_split16_4kstride,on,31.0,212.074496
split16,16G local / 16G remote,stream_read_32g_split16_4kstride,on,32.0,196.608
split16,16G local / 16G remote,stream_read_32g_split16_4kstride,on,33.0,197.394432
split16,16G local / 16G remote,stream_read_32g_split16_4kstride,on,34.0,196.345856
split16,16G local / 16G remote,stream_read_32g_split16_4kstride,on,35.0,197.132288
split16,16G local / 16G remote,stream_read_32g_split16_4kstride,on,36.0,208.928768
split16,16G local / 16G remote,stream_read_32g_split16_4kstride,on,37.0,196.870144
split16,16G local / 16G remote,stream_read_32g_split16_4kstride,on,38.0,197.132288
split16,16G local / 16G remote,stream_read_32g_split16_4kstride,on,39.0,196.870144
split16,16G local / 16G remote,stream_read_32g_split16_4kstride,on,40.0,198.180864
split16,16G local / 16G remote,stream_read_32g_split16_4kstride,on,41.001,198.24476323676328
split16,16G local / 16G remote,stream_read_32g_split16_4kstride,on,42.0,196.8048048048048
split16,16G local / 16G remote,stream_read_32g_split16_4kstride,on,43.0,200.802304
split16,16G local / 16G remote,stream_read_32g_split16_4kstride,on,44.0,197.656576
split16,16G local / 16G remote,stream_read_32g_split16_4kstride,on,45.0,198.705152
split16,16G local / 16G remote,stream_read_32g_split16_4kstride,on,46.0,203.423744
split16,16G local / 16G remote,stream_read_32g_split16_4kstride,on,47.0,197.91872
split16,16G local / 16G remote,stream_read_32g_split16_4kstride,on,48.0,201.326592
split16,16G local / 16G remote,stream_read_32g_split16_4kstride,on,49.0,195.821568
split16,16G local / 16G remote,stream_read_32g_split16_4kstride,on,50.0,198.180864
split16,16G local / 16G remote,stream_read_32g_split16_4kstride,on,51.0,207.618048
split16,16G local / 16G remote,stream_read_32g_split16_4kstride,on,52.0,196.870144
split16,16G local / 16G remote,stream_read_32g_split16_4kstride,on,53.0,196.870144
split16,16G local / 16G remote,stream_read_32g_split16_4kstride,on,54.0,198.180864
split16,16G local / 16G remote,stream_read_32g_split16_4kstride,on,55.0,196.608
split16,16G local / 16G remote,stream_read_32g_split16_4kstride,on,56.0,211.288064
split16,16G local / 16G remote,stream_read_32g_split16_4kstride,on,57.0,196.345856
split16,16G local / 16G remote,stream_read_32g_split16_4kstride,on,58.0,272.367616
split16,16G local / 16G remote,stream_read_32g_split16_4kstride,on,59.0,297.53344
split16,16G local / 16G remote,stream_read_32g_split16_4kstride,on,60.0,353.8944
split16,16G local / 16G remote,stream_read_32g_split16_4kstride,on,61.0,317.980672
split16,16G local / 16G remote,stream_read_32g_split16_4kstride,on,62.0,363.855872
split16,16G local / 16G remote,stream_read_32g_split16_4kstride,on,63.0,397.14816
split16,16G local / 16G remote,stream_read_32g_split16_4kstride,on,64.0,236.978176
split16,16G local / 16G remote,stream_read_32g_split16_4kstride,on,65.001,232.5513206793207
split16,16G local / 16G remote,stream_read_32g_split16_4kstride,on,66.0,461.5728688688689
split16,16G local / 16G remote,stream_read_32g_split16_4kstride,on,67.0,430.440448
split16,16G local / 16G remote,stream_read_32g_split16_4kstride,on,68.0,237.764608
split16,16G local / 16G remote,stream_read_32g_split16_4kstride,on,69.0,344.981504
split16,16G local / 16G remote,stream_read_32g_split16_4kstride,on,70.0,177.733632
split16,16G local / 16G remote,stream_read_32g_split16_4kstride,on,71.0,168.558592
split16,16G local / 16G remote,stream_read_32g_split16_4kstride,on,72.0,443.547648
split16,16G local / 16G remote,stream_read_32g_split16_4kstride,on,73.0,415.236096
split16,16G local / 16G remote,stream_read_32g_split16_4kstride,on,74.0,183.762944
split16,16G local / 16G remote,stream_read_32g_split16_4kstride,on,75.0,141.033472
split16,16G local / 16G remote,stream_read_32g_split16_4kstride,on,76.0,250.34752
split16,16G local / 16G remote,stream_read_32g_split16_4kstride,on,77.001,436.2956083916084
split16,16G local / 16G remote,stream_read_32g_split16_4kstride,on,78.0,339.8162962962963
split16,16G local / 16G remote,stream_read_32g_split16_4kstride,on,79.0,174.587904
split16,16G local / 16G remote,stream_read_32g_split16_4kstride,on,80.0,181.927936
split16,16G local / 16G remote,stream_read_32g_split16_4kstride,on,81.001,389.9424735264736
split16,16G local / 16G remote,stream_read_32g_split16_4kstride,on,82.0,392.8223903903904
split16,16G local / 16G remote,stream_read_32g_split16_4kstride,on,83.0,223.084544
split16,16G local / 16G remote,stream_read_32g_split16_4kstride,on,84.0,164.364288
split16,16G local / 16G remote,stream_read_32g_split16_4kstride,on,85.0,463.208448
split16,16G local / 16G remote,stream_read_32g_split16_4kstride,on,86.0,351.535104
split16,16G local / 16G remote,stream_read_32g_split16_4kstride,on,87.009,179.00616055500498
split16,16G local / 16G remote,stream_read_32g_split16_4kstride,on,88.0,170.61844601412713
split16,16G local / 16G remote,stream_read_32g_split16_4kstride,on,89.0,182.714368
split16,16G local / 16G remote,stream_read_32g_split16_4kstride,on,90.0,168.034304
split16,16G local / 16G remote,stream_read_32g_split16_4kstride,on,91.0,160.694272
split16,16G local / 16G remote,stream_read_32g_split16_4kstride,on,92.001,160.7956203796204
split16,16G local / 16G remote,stream_read_32g_split16_4kstride,on,93.0,168.4649129129129
split16,16G local / 16G remote,stream_read_32g_split16_4kstride,on,94.0,144.703488
split16,16G local / 16G remote,stream_read_32g_split16_4kstride,on,95.0,166.199296
split16,16G local / 16G remote,stream_read_32g_split16_4kstride,on,96.0,173.277184
split16,16G local / 16G remote,stream_read_32g_split16_4kstride,on,97.0,156.499968
split16,16G local / 16G remote,stream_read_32g_split16_4kstride,on,98.0,160.956416
split16,16G local / 16G remote,stream_read_32g_split16_4kstride,on,99.0,150.470656
split16,16G local / 16G remote,stream_read_32g_split16_4kstride,on,100.0,171.442176
split16,16G local / 16G remote,stream_read_32g_split16_4kstride,on,101.0,163.84
split16,16G local / 16G remote,stream_read_32g_split16_4kstride,on,102.0,150.470656
split16,16G local / 16G remote,stream_read_32g_split16_4kstride,on,103.0,162.004992
split16,16G local / 16G remote,stream_read_32g_split16_4kstride,on,104.0,156.762112
split16,16G local / 16G remote,stream_read_32g_split16_4kstride,on,105.0,171.966464
split16,16G local / 16G remote,stream_read_32g_split16_4kstride,on,106.0,144.441344
split16,16G local / 16G remote,stream_read_32g_split16_4kstride,on,107.001,169.96149450549453
split16,16G local / 16G remote,stream_read_32g_split16_4kstride,on,108.0,156.6566246246246
split16,16G local / 16G remote,stream_read_32g_split16_4kstride,on,109.0,157.2864
split16,16G local / 16G remote,stream_read_32g_split16_4kstride,on,110.0,154.140672
split16,16G local / 16G remote,stream_read_32g_split16_4kstride,on,111.0,174.063616
split16,16G local / 16G remote,stream_read_32g_split16_4kstride,on,112.0,159.645696
split16,16G local / 16G remote,stream_read_32g_split16_4kstride,on,113.0,156.499968
split16,16G local / 16G remote,stream_read_32g_split16_4kstride,on,114.0,170.917888
split16,16G local / 16G remote,stream_read_32g_split16_4kstride,on,115.0,172.752896
split16,16G local / 16G remote,stream_read_32g_split16_4kstride,on,116.0,156.499968
split16,16G local / 16G remote,stream_read_32g_split16_4kstride,on,117.0,156.499968
split16,16G local / 16G remote,stream_read_32g_split16_4kstride,on,118.0,151.519232
split16,16G local / 16G remote,stream_read_32g_split16_4kstride,on,119.0,164.888576
split16,16G local / 16G remote,stream_read_32g_split16_4kstride,on,120.0,171.442176
split16,16G local / 16G remote,stream_read_32g_split16_4kstride,on,121.001,148.48716083916085
split16,16G local / 16G remote,stream_read_32g_split16_4kstride,on,122.0,170.82657057057057
split16,16G local / 16G remote,stream_read_32g_split16_4kstride,on,123.0,169.08288
split16,16G local / 16G remote,stream_read_32g_split16_4kstride,on,124.0,172.752896
split16,16G local / 16G remote,stream_read_32g_split16_4kstride,on,125.0,149.946368
split16,16G local / 16G remote,stream_read_32g_split16_4kstride,on,126.0,170.917888
split16,16G local / 16G remote,stream_read_32g_split16_4kstride,on,127.0,158.859264
split16,16G local / 16G remote,stream_read_32g_split16_4kstride,on,128.001,172.5803156843157
split16,16G local / 16G remote,stream_read_32g_split16_4kstride,on,129.0,144.84833633633633
split16,16G local / 16G remote,stream_read_32g_split16_4kstride,on,130.0,169.08288
split16,16G local / 16G remote,stream_read_32g_split16_4kstride,on,131.0,170.131456
split16,16G local / 16G remote,stream_read_32g_split16_4kstride,on,132.0,163.315712
split16,16G local / 16G remote,stream_read_32g_split16_4kstride,on,133.0,154.66496
split16,16G local / 16G remote,stream_read_32g_split16_4kstride,on,134.0,178.25792
split16,16G local / 16G remote,stream_read_32g_split16_4kstride,on,135.001,147.96339660339663
split16,16G local / 16G remote,stream_read_32g_split16_4kstride,on,136.0,173.18822822822824
split16,16G local / 16G remote,stream_read_32g_split16_4kstride,on,137.0,156.237824
split16,16G local / 16G remote,stream_read_32g_split16_4kstride,on,138.0,168.296448
split16,16G local / 16G remote,stream_read_32g_split16_4kstride,on,139.0,172.752896
split16,16G local / 16G remote,stream_read_32g_split16_4kstride,on,140.0,221.51168
split16,16G local / 16G remote,stream_read_32g_split16_4kstride,on,141.0,229.113856
split16,16G local / 16G remote,stream_read_32g_split16_4kstride,on,142.0,222.560256
split16,16G local / 16G remote,stream_read_32g_split16_4kstride,on,143.0,222.035968
split16,16G local / 16G remote,stream_read_32g_split16_4kstride,on,144.0,223.084544
split16,16G local / 16G remote,stream_read_32g_split16_4kstride,on,145.0,223.346688
split16,16G local / 16G remote,stream_read_32g_split16_4kstride,on,146.001,222.07603596403598
split16,16G local / 16G remote,stream_read_32g_split16_4kstride,on,147.0,222.52063263263264
split16,16G local / 16G remote,stream_read_32g_split16_4kstride,on,148.0,223.084544
split16,16G local / 16G remote,stream_read_32g_split16_4kstride,on,149.0,224.919552
split16,16G local / 16G remote,stream_read_32g_split16_4kstride,on,150.0,222.298112
split16,16G local / 16G remote,stream_read_32g_split16_4kstride,on,151.0,221.51168
split16,16G local / 16G remote,stream_read_32g_split16_4kstride,on,152.0,234.094592
split16,16G local / 16G remote,stream_read_32g_split16_4kstride,on,153.0,223.346688
split16,16G local / 16G remote,stream_read_32g_split16_4kstride,on,154.0,223.870976
split16,16G local / 16G remote,stream_read_32g_split16_4kstride,on,155.0,222.560256
split16,16G local / 16G remote,stream_read_32g_split16_4kstride,on,156.0,221.51168
split16,16G local / 16G remote,stream_read_32g_split16_4kstride,on,157.0,222.560256
split16,16G local / 16G remote,stream_read_32g_split16_4kstride,on,158.0,223.870976
split16,16G local / 16G remote,stream_read_32g_split16_4kstride,on,159.0,222.035968
split16,16G local / 16G remote,stream_read_32g_split16_4kstride,on,160.0,222.560256
split16,16G local / 16G remote,stream_read_32g_split16_4kstride,on,161.0,222.8224
split16,16G local / 16G remote,stream_read_32g_split16_4kstride,on,162.0,224.395264
split16,16G local / 16G remote,stream_read_32g_split16_4kstride,on,163.0,223.608832
split16,16G local / 16G remote,stream_read_32g_split16_4kstride,on,164.0,221.773824
split16,16G local / 16G remote,stream_read_32g_split16_4kstride,on,165.001,223.12356443556445
split16,16G local / 16G remote,stream_read_32g_split16_4kstride,on,166.0,222.25822622622624
split16,16G local / 16G remote,stream_read_32g_split16_4kstride,on,167.0,222.8224
split16,16G local / 16G remote,stream_read_32g_split16_4kstride,on,168.0,223.346688
split16,16G local / 16G remote,stream_read_32g_split16_4kstride,on,169.0,222.8224
split16,16G local / 16G remote,stream_read_32g_split16_4kstride,on,170.001,223.3854465534466
split16,16G local / 16G remote,stream_read_32g_split16_4kstride,on,171.0,223.04544544544544
split16,16G local / 16G remote,stream_read_32g_split16_4kstride,on,172.0,241.958912
split16,16G local / 16G remote,stream_read_32g_split16_4kstride,on,173.0,222.560256
split16,16G local / 16G remote,stream_read_32g_split16_4kstride,on,174.0,223.608832
split16,16G local / 16G remote,stream_read_32g_split16_4kstride,on,175.001,221.81415384615389
split16,16G local / 16G remote,stream_read_32g_split16_4kstride,on,176.0,222.25822622622624
split16,16G local / 16G remote,stream_read_32g_split16_4kstride,on,177.0,226.230272
split16,16G local / 16G remote,stream_read_32g_split16_4kstride,on,178.0,223.084544
split16,16G local / 16G remote,stream_read_32g_split16_4kstride,on,179.0,222.035968
split16,16G local / 16G remote,stream_read_32g_split16_4kstride,on,180.0,223.084544
split16,16G local / 16G remote,stream_read_32g_split16_4kstride,on,181.0,222.298112
split16,16G local / 16G remote,stream_read_32g_split16_4kstride,on,182.0,223.084544
split16,16G local / 16G remote,stream_read_32g_split16_4kstride,on,183.0,222.298112
split16,16G local / 16G remote,stream_read_32g_split16_4kstride,on,184.0,222.8224
split16,16G local / 16G remote,stream_read_32g_split16_4kstride,on,185.0,223.346688
split16,16G local / 16G remote,stream_read_32g_split16_4kstride,on,186.0,222.560256
split16,16G local / 16G remote,stream_read_32g_split16_4kstride,on,187.0,230.162432
split16,16G local / 16G remote,stream_read_32g_split16_4kstride,on,188.0,223.870976
split16,16G local / 16G remote,stream_read_32g_split16_4kstride,on,189.001,221.81415384615389
split16,16G local / 16G remote,stream_read_32g_split16_4kstride,on,190.0,222.25822622622624
split16,16G local / 16G remote,stream_read_32g_split16_4kstride,on,191.0,221.773824
split16,16G local / 16G remote,stream_read_32g_split16_4kstride,on,192.0,223.870976
split16,16G local / 16G remote,stream_read_32g_split16_4kstride,on,193.0,223.870976
split16,16G local / 16G remote,stream_read_32g_split16_4kstride,on,194.0,221.249536
split16,16G local / 16G remote,stream_read_32g_split16_4kstride,on,195.0,223.608832
split16,16G local / 16G remote,stream_read_32g_split16_4kstride,on,196.0,221.249536
split16,16G local / 16G remote,stream_read_32g_split16_4kstride,on,197.0,224.657408
split16,16G local / 16G remote,stream_read_32g_split16_4kstride,on,198.0,222.560256
split16,16G local / 16G remote,stream_read_32g_split16_4kstride,on,199.001,221.81415384615389
split16,16G local / 16G remote,stream_read_32g_split16_4kstride,on,200.0,222.78303903903904
