placement,placement_label,candidate,policy,time_s,mops_s
remote,0G local / 32G remote,stream_read_32g_remote_4kstride,off,1.001,64.94676523476524
remote,0G local / 32G remote,stream_read_32g_remote_4kstride,off,2.001,66.060288
remote,0G local / 32G remote,stream_read_32g_remote_4kstride,off,3.001,64.749568
remote,0G local / 32G remote,stream_read_32g_remote_4kstride,off,4.0,64.81438238238239
remote,0G local / 32G remote,stream_read_32g_remote_4kstride,off,5.001,64.423000999001
remote,0G local / 32G remote,stream_read_32g_remote_4kstride,off,6.0,64.55197597597598
remote,0G local / 32G remote,stream_read_32g_remote_4kstride,off,7.0,66.322432
remote,0G local / 32G remote,stream_read_32g_remote_4kstride,off,8.0,65.011712
remote,0G local / 32G remote,stream_read_32g_remote_4kstride,off,9.0,64.749568
remote,0G local / 32G remote,stream_read_32g_remote_4kstride,off,10.0,65.536
remote,0G local / 32G remote,stream_read_32g_remote_4kstride,off,11.0,64.22528
remote,0G local / 32G remote,stream_read_32g_remote_4kstride,off,12.0,64.749568
remote,0G local / 32G remote,stream_read_32g_remote_4kstride,off,13.0,65.011712
remote,0G local / 32G remote,stream_read_32g_remote_4kstride,off,14.0,66.060288
remote,0G local / 32G remote,stream_read_32g_remote_4kstride,off,15.0,65.011712
remote,0G local / 32G remote,stream_read_32g_remote_4kstride,off,16.0,64.749568
remote,0G local / 32G remote,stream_read_32g_remote_4kstride,off,17.0,64.487424
remote,0G local / 32G remote,stream_read_32g_remote_4kstride,off,18.0,65.011712
remote,0G local / 32G remote,stream_read_32g_remote_4kstride,off,19.0,64.487424
remote,0G local / 32G remote,stream_read_32g_remote_4kstride,off,20.0,66.584576
remote,0G local / 32G remote,stream_read_32g_remote_4kstride,off,21.0,64.22528
remote,0G local / 32G remote,stream_read_32g_remote_4kstride,off,22.0,63.700992
remote,0G local / 32G remote,stream_read_32g_remote_4kstride,off,23.0,65.798144
remote,0G local / 32G remote,stream_read_32g_remote_4kstride,off,24.0,65.536
remote,0G local / 32G remote,stream_read_32g_remote_4kstride,off,25.0,64.22528
remote,0G local / 32G remote,stream_read_32g_remote_4kstride,off,26.0,65.011712
remote,0G local / 32G remote,stream_read_32g_remote_4kstride,off,27.0,65.011712
remote,0G local / 32G remote,stream_read_32g_remote_4kstride,off,28.0,65.273856
remote,0G local / 32G remote,stream_read_32g_remote_4kstride,off,29.0,65.011712
remote,0G local / 32G remote,stream_read_32g_remote_4kstride,off,30.0,64.749568
remote,0G local / 32G remote,stream_read_32g_remote_4kstride,off,31.0,65.273856
remote,0G local / 32G remote,stream_read_32g_remote_4kstride,off,32.0,64.22528
remote,0G local / 32G remote,stream_read_32g_remote_4kstride,off,33.0,65.273856
remote,0G local / 32G remote,stream_read_32g_remote_4kstride,off,34.0,64.749568
remote,0G local / 32G remote,stream_read_32g_remote_4kstride,off,35.0,66.060288
remote,0G local / 32G remote,stream_read_32g_remote_4kstride,off,36.0,64.749568
remote,0G local / 32G remote,stream_read_32g_remote_4kstride,off,37.0,63.700992
remote,0G local / 32G remote,stream_read_32g_remote_4kstride,off,38.0,65.273856
remote,0G local / 32G remote,stream_read_32g_remote_4kstride,off,39.0,66.060288
remote,0G local / 32G remote,stream_read_32g_remote_4kstride,off,40.0,64.487424
remote,0G local / 32G remote,stream_read_32g_remote_4kstride,off,41.0,63.963136
remote,0G local / 32G remote,stream_read_32g_remote_4kstride,off,42.0,65.273856
remote,0G local / 32G remote,stream_read_32g_remote_4kstride,off,43.0,66.060288
remote,0G local / 32G remote,stream_read_32g_remote_4kstride,off,44.0,64.487424
remote,0G local / 32G remote,stream_read_32g_remote_4kstride,off,45.0,64.487424
remote,0G local / 32G remote,stream_read_32g_remote_4kstride,off,46.001,64.94676523476524
remote,0G local / 32G remote,stream_read_32g_remote_4kstride,off,47.0,65.07678878878879
remote,0G local / 32G remote,stream_read_32g_remote_4kstride,off,48.0,65.798144
remote,0G local / 32G remote,stream_read_32g_remote_4kstride,off,49.0,65.011712
remote,0G local / 32G remote,stream_read_32g_remote_4kstride,off,50.0,64.22528
remote,0G local / 32G remote,stream_read_32g_remote_4kstride,off,51.0,65.011712
remote,0G local / 32G remote,stream_read_32g_remote_4kstride,off,52.0,64.749568
remote,0G local / 32G remote,stream_read_32g_remote_4kstride,off,53.0,65.011712
remote,0G local / 32G remote,stream_read_32g_remote_4kstride,off,54.0,65.536
remote,0G local / 32G remote,stream_read_32g_remote_4kstride,off,55.0,64.749568
remote,0G local / 32G remote,stream_read_32g_remote_4kstride,off,56.0,65.011712
remote,0G local / 32G remote,stream_read_32g_remote_4kstride,off,57.002,65.14356886227546
remote,0G local / 32G remote,stream_read_32g_remote_4kstride,off,58.0,64.61665731462925
remote,0G local / 32G remote,stream_read_32g_remote_4kstride,off,59.0,64.749568
remote,0G local / 32G remote,stream_read_32g_remote_4kstride,off,60.0,65.273856
remote,0G local / 32G remote,stream_read_32g_remote_4kstride,off,61.002,64.88194810379241
remote,0G local / 32G remote,stream_read_32g_remote_4kstride,off,62.0,64.61665731462925
remote,0G local / 32G remote,stream_read_32g_remote_4kstride,off,63.0,65.798144
remote,0G local / 32G remote,stream_read_32g_remote_4kstride,off,64.0,63.963136
remote,0G local / 32G remote,stream_read_32g_remote_4kstride,off,65.0,65.798144
remote,0G local / 32G remote,stream_read_32g_remote_4kstride,off,66.0,65.536
remote,0G local / 32G remote,stream_read_32g_remote_4kstride,off,67.0,63.963136
remote,0G local / 32G remote,stream_read_32g_remote_4kstride,off,68.0,64.487424
remote,0G local / 32G remote,stream_read_32g_remote_4kstride,off,69.0,65.536
remote,0G local / 32G remote,stream_read_32g_remote_4kstride,off,70.0,65.011712
remote,0G local / 32G remote,stream_read_32g_remote_4kstride,off,71.0,65.273856
remote,0G local / 32G remote,stream_read_32g_remote_4kstride,off,72.0,64.487424
remote,0G local / 32G remote,stream_read_32g_remote_4kstride,off,73.002,64.62032734530938
remote,0G local / 32G remote,stream_read_32g_remote_4kstride,off,74.0,65.40466533066132
remote,0G local / 32G remote,stream_read_32g_remote_4kstride,off,75.0,65.536
remote,0G local / 32G remote,stream_read_32g_remote_4kstride,off,76.0,64.749568
remote,0G local / 32G remote,stream_read_32g_remote_4kstride,off,77.0,64.487424
remote,0G local / 32G remote,stream_read_32g_remote_4kstride,off,78.0,64.749568
remote,0G local / 32G remote,stream_read_32g_remote_4kstride,off,79.0,65.798144
remote,0G local / 32G remote,stream_read_32g_remote_4kstride,off,80.0,65.011712
remote,0G local / 32G remote,stream_read_32g_remote_4kstride,off,81.0,63.700992
remote,0G local / 32G remote,stream_read_32g_remote_4kstride,off,82.0,66.060288
remote,0G local / 32G remote,stream_read_32g_remote_4kstride,off,83.0,65.011712
remote,0G local / 32G remote,stream_read_32g_remote_4kstride,off,84.0,64.749568
remote,0G local / 32G remote,stream_read_32g_remote_4kstride,off,85.0,65.273856
remote,0G local / 32G remote,stream_read_32g_remote_4kstride,off,86.0,64.487424
remote,0G local / 32G remote,stream_read_32g_remote_4kstride,off,87.0,65.273856
remote,0G local / 32G remote,stream_read_32g_remote_4kstride,off,88.0,64.22528
remote,0G local / 32G remote,stream_read_32g_remote_4kstride,off,89.0,65.798144
remote,0G local / 32G remote,stream_read_32g_remote_4kstride,off,90.0,64.749568
remote,0G local / 32G remote,stream_read_32g_remote_4kstride,off,91.0,64.749568
remote,0G local / 32G remote,stream_read_32g_remote_4kstride,off,92.0,65.273856
remote,0G local / 32G remote,stream_read_32g_remote_4kstride,off,93.0,64.487424
remote,0G local / 32G remote,stream_read_32g_remote_4kstride,off,94.0,65.011712
remote,0G local / 32G remote,stream_read_32g_remote_4kstride,off,95.0,65.011712
remote,0G local / 32G remote,stream_read_32g_remote_4kstride,off,96.0,65.273856
remote,0G local / 32G remote,stream_read_32g_remote_4kstride,off,97.0,64.487424
remote,0G local / 32G remote,stream_read_32g_remote_4kstride,off,98.0,65.011712
remote,0G local / 32G remote,stream_read_32g_remote_4kstride,off,99.0,65.011712
remote,0G local / 32G remote,stream_read_32g_remote_4kstride,off,100.0,65.273856
remote,0G local / 32G remote,stream_read_32g_remote_4kstride,off,101.0,65.273856
remote,0G local / 32G remote,stream_read_32g_remote_4kstride,off,102.0,64.749568
remote,0G local / 32G remote,stream_read_32g_remote_4kstride,off,103.0,64.487424
remote,0G local / 32G remote,stream_read_32g_remote_4kstride,off,104.0,64.22528
remote,0G local / 32G remote,stream_read_32g_remote_4kstride,off,105.0,65.273856
remote,0G local / 32G remote,stream_read_32g_remote_4kstride,off,106.0,66.060288
remote,0G local / 32G remote,stream_read_32g_remote_4kstride,off,107.0,64.749568
remote,0G local / 32G remote,stream_read_32g_remote_4kstride,off,108.0,64.22528
remote,0G local / 32G remote,stream_read_32g_remote_4kstride,off,109.0,64.749568
remote,0G local / 32G remote,stream_read_32g_remote_4kstride,off,110.0,65.273856
remote,0G local / 32G remote,stream_read_32g_remote_4kstride,off,111.0,66.322432
remote,0G local / 32G remote,stream_read_32g_remote_4kstride,off,112.0,64.487424
remote,0G local / 32G remote,stream_read_32g_remote_4kstride,off,113.0,64.22528
remote,0G local / 32G remote,stream_read_32g_remote_4kstride,off,114.0,65.536
remote,0G local / 32G remote,stream_read_32g_remote_4kstride,off,115.0,65.011712
remote,0G local / 32G remote,stream_read_32g_remote_4kstride,off,116.0,65.536
remote,0G local / 32G remote,stream_read_32g_remote_4kstride,off,117.0,64.22528
remote,0G local / 32G remote,stream_read_32g_remote_4kstride,off,118.0,65.011712
remote,0G local / 32G remote,stream_read_32g_remote_4kstride,off,119.0,65.536
remote,0G local / 32G remote,stream_read_32g_remote_4kstride,off,120.0,65.273856
remote,0G local / 32G remote,stream_read_32g_remote_4kstride,off,121.0,64.487424
remote,0G local / 32G remote,stream_read_32g_remote_4kstride,off,122.0,65.011712
remote,0G local / 32G remote,stream_read_32g_remote_4kstride,off,123.0,65.011712
remote,0G local / 32G remote,stream_read_32g_remote_4kstride,off,124.0,65.798144
remote,0G local / 32G remote,stream_read_32g_remote_4kstride,off,125.0,64.749568
remote,0G local / 32G remote,stream_read_32g_remote_4kstride,off,126.0,65.273856
remote,0G local / 32G remote,stream_read_32g_remote_4kstride,off,127.0,64.487424
remote,0G local / 32G remote,stream_read_32g_remote_4kstride,off,128.0,65.536
remote,0G local / 32G remote,stream_read_32g_remote_4kstride,off,129.0,64.749568
remote,0G local / 32G remote,stream_read_32g_remote_4kstride,off,130.0,65.273856
remote,0G local / 32G remote,stream_read_32g_remote_4kstride,off,131.0,65.798144
remote,0G local / 32G remote,stream_read_32g_remote_4kstride,off,132.0,64.22528
remote,0G local / 32G remote,stream_read_32g_remote_4kstride,off,133.0,65.273856
remote,0G local / 32G remote,stream_read_32g_remote_4kstride,off,134.0,64.749568
remote,0G local / 32G remote,stream_read_32g_remote_4kstride,off,135.003,65.33998005982055
remote,0G local / 32G remote,stream_read_32g_remote_4kstride,off,136.0,65.4702668004012
remote,0G local / 32G remote,stream_read_32g_remote_4kstride,off,137.0,64.749568
remote,0G local / 32G remote,stream_read_32g_remote_4kstride,off,138.0,65.011712
remote,0G local / 32G remote,stream_read_32g_remote_4kstride,off,139.0,65.011712
remote,0G local / 32G remote,stream_read_32g_remote_4kstride,off,140.0,65.536
remote,0G local / 32G remote,stream_read_32g_remote_4kstride,off,141.001,64.423000999001
remote,0G local / 32G remote,stream_read_32g_remote_4kstride,off,142.0,65.3391951951952
remote,0G local / 32G remote,stream_read_32g_remote_4kstride,off,143.0,65.536
remote,0G local / 32G remote,stream_read_32g_remote_4kstride,off,144.0,65.273856
remote,0G local / 32G remote,stream_read_32g_remote_4kstride,off,145.001,63.63735464535465
remote,0G local / 32G remote,stream_read_32g_remote_4kstride,off,146.0,65.3391951951952
remote,0G local / 32G remote,stream_read_32g_remote_4kstride,off,147.0,65.798144
remote,0G local / 32G remote,stream_read_32g_remote_4kstride,off,148.0,65.011712
remote,0G local / 32G remote,stream_read_32g_remote_4kstride,off,149.0,65.273856
remote,0G local / 32G remote,stream_read_32g_remote_4kstride,off,150.0,65.273856
remote,0G local / 32G remote,stream_read_32g_remote_4kstride,off,151.0,64.487424
remote,0G local / 32G remote,stream_read_32g_remote_4kstride,off,152.0,64.749568
remote,0G local / 32G remote,stream_read_32g_remote_4kstride,off,153.0,65.536
remote,0G local / 32G remote,stream_read_32g_remote_4kstride,off,154.0,65.536
remote,0G local / 32G remote,stream_read_32g_remote_4kstride,off,155.0,65.011712
remote,0G local / 32G remote,stream_read_32g_remote_4kstride,off,156.0,64.487424
remote,0G local / 32G remote,stream_read_32g_remote_4kstride,off,157.0,66.060288
remote,0G local / 32G remote,stream_read_32g_remote_4kstride,off,158.0,64.749568
remote,0G local / 32G remote,stream_read_32g_remote_4kstride,off,159.0,64.749568
remote,0G local / 32G remote,stream_read_32g_remote_4kstride,off,160.0,65.536
remote,0G local / 32G remote,stream_read_32g_remote_4kstride,off,161.0,65.273856
remote,0G local / 32G remote,stream_read_32g_remote_4kstride,off,162.0,65.536
remote,0G local / 32G remote,stream_read_32g_remote_4kstride,off,163.001,64.68488311688313
remote,0G local / 32G remote,stream_read_32g_remote_4kstride,off,164.0,64.02716316316317
remote,0G local / 32G remote,stream_read_32g_remote_4kstride,off,165.0,66.322432
remote,0G local / 32G remote,stream_read_32g_remote_4kstride,off,166.0,65.011712
remote,0G local / 32G remote,stream_read_32g_remote_4kstride,off,167.0,65.273856
remote,0G local / 32G remote,stream_read_32g_remote_4kstride,off,168.0,64.487424
remote,0G local / 32G remote,stream_read_32g_remote_4kstride,off,169.001,65.20864735264736
remote,0G local / 32G remote,stream_read_32g_remote_4kstride,off,170.0,65.6016016016016
remote,0G local / 32G remote,stream_read_32g_remote_4kstride,off,171.0,65.273856
remote,0G local / 32G remote,stream_read_32g_remote_4kstride,off,172.0,63.963136
remote,0G local / 32G remote,stream_read_32g_remote_4kstride,off,173.0,65.536
remote,0G local / 32G remote,stream_read_32g_remote_4kstride,off,174.0,65.798144
remote,0G local / 32G remote,stream_read_32g_remote_4kstride,off,175.001,64.16111888111888
remote,0G local / 32G remote,stream_read_32g_remote_4kstride,off,176.0,65.3391951951952
remote,0G local / 32G remote,stream_read_32g_remote_4kstride,off,177.0,65.273856
remote,0G local / 32G remote,stream_read_32g_remote_4kstride,off,178.0,64.749568
remote,0G local / 32G remote,stream_read_32g_remote_4kstride,off,179.0,65.536
remote,0G local / 32G remote,stream_read_32g_remote_4kstride,off,180.001,65.20864735264736
remote,0G local / 32G remote,stream_read_32g_remote_4kstride,off,181.0,64.28956956956958
remote,0G local / 32G remote,stream_read_32g_remote_4kstride,off,182.0,65.011712
remote,0G local / 32G remote,stream_read_32g_remote_4kstride,off,183.0,65.536
remote,0G local / 32G remote,stream_read_32g_remote_4kstride,off,184.0,65.273856
remote,0G local / 32G remote,stream_read_32g_remote_4kstride,off,185.001,64.423000999001
remote,0G local / 32G remote,stream_read_32g_remote_4kstride,off,186.0,65.3391951951952
remote,0G local / 32G remote,stream_read_32g_remote_4kstride,off,187.0,66.060288
remote,0G local / 32G remote,stream_read_32g_remote_4kstride,off,188.0,63.438848
remote,0G local / 32G remote,stream_read_32g_remote_4kstride,off,189.0,65.273856
remote,0G local / 32G remote,stream_read_32g_remote_4kstride,off,190.0,65.273856
remote,0G local / 32G remote,stream_read_32g_remote_4kstride,off,191.0,66.060288
remote,0G local / 32G remote,stream_read_32g_remote_4kstride,off,192.0,63.963136
remote,0G local / 32G remote,stream_read_32g_remote_4kstride,off,193.0,66.060288
remote,0G local / 32G remote,stream_read_32g_remote_4kstride,off,194.0,64.22528
remote,0G local / 32G remote,stream_read_32g_remote_4kstride,off,195.0,65.011712
remote,0G local / 32G remote,stream_read_32g_remote_4kstride,off,196.0,65.011712
remote,0G local / 32G remote,stream_read_32g_remote_4kstride,off,197.0,66.060288
remote,0G local / 32G remote,stream_read_32g_remote_4kstride,off,198.0,63.963136
remote,0G local / 32G remote,stream_read_32g_remote_4kstride,off,199.0,64.749568
remote,0G local / 32G remote,stream_read_32g_remote_4kstride,off,200.001,65.20864735264736
remote,0G local / 32G remote,stream_read_32g_remote_4kstride,on,1.0,308.281344
remote,0G local / 32G remote,stream_read_32g_remote_4kstride,on,2.0,423.624704
remote,0G local / 32G remote,stream_read_32g_remote_4kstride,on,3.0,220.20096
remote,0G local / 32G remote,stream_read_32g_remote_4kstride,on,4.0,254.541824
remote,0G local / 32G remote,stream_read_32g_remote_4kstride,on,5.0,229.638144
remote,0G local / 32G remote,stream_read_32g_remote_4kstride,on,6.001,246.95483716283718
remote,0G local / 32G remote,stream_read_32g_remote_4kstride,on,7.0,312.52603003003003
remote,0G local / 32G remote,stream_read_32g_remote_4kstride,on,8.0,351.535104
remote,0G local / 32G remote,stream_read_32g_remote_4kstride,on,9.0,294.125568
remote,0G local / 32G remote,stream_read_32g_remote_4kstride,on,10.0,320.864256
remote,0G local / 32G remote,stream_read_32g_remote_4kstride,on,11.0,254.017536
remote,0G local / 32G remote,stream_read_32g_remote_4kstride,on,12.0,288.096256
remote,0G local / 32G remote,stream_read_32g_remote_4kstride,on,13.0,341.311488
remote,0G local / 32G remote,stream_read_32g_remote_4kstride,on,14.0,335.282176
remote,0G local / 32G remote,stream_read_32g_remote_4kstride,on,15.0,185.073664
remote,0G local / 32G remote,stream_read_32g_remote_4kstride,on,16.0,164.626432
remote,0G local / 32G remote,stream_read_32g_remote_4kstride,on,17.0,185.597952
remote,0G local / 32G remote,stream_read_32g_remote_4kstride,on,18.0,210.501632
remote,0G local / 32G remote,stream_read_32g_remote_4kstride,on,19.0,231.99744
remote,0G local / 32G remote,stream_read_32g_remote_4kstride,on,20.0,238.288896
remote,0G local / 32G remote,stream_read_32g_remote_4kstride,on,21.0,295.960576
remote,0G local / 32G remote,stream_read_32g_remote_4kstride,on,22.0,251.396096
remote,0G local / 32G remote,stream_read_32g_remote_4kstride,on,23.0,176.422912
remote,0G local / 32G remote,stream_read_32g_remote_4kstride,on,24.0,338.690048
remote,0G local / 32G remote,stream_read_32g_remote_4kstride,on,25.0,254.27968
remote,0G local / 32G remote,stream_read_32g_remote_4kstride,on,26.0,342.622208
remote,0G local / 32G remote,stream_read_32g_remote_4kstride,on,27.0,255.852544
remote,0G local / 32G remote,stream_read_32g_remote_4kstride,on,28.0,418.906112
remote,0G local / 32G remote,stream_read_32g_remote_4kstride,on,29.0,230.162432
remote,0G local / 32G remote,stream_read_32g_remote_4kstride,on,30.0,270.270464
remote,0G local / 32G remote,stream_read_32g_remote_4kstride,on,31.0,321.650688
remote,0G local / 32G remote,stream_read_32g_remote_4kstride,on,32.0,316.932096
remote,0G local / 32G remote,stream_read_32g_remote_4kstride,on,33.0,285.474816
remote,0G local / 32G remote,stream_read_32g_remote_4kstride,on,34.0,226.75456
remote,0G local / 32G remote,stream_read_32g_remote_4kstride,on,35.0,262.144
remote,0G local / 32G remote,stream_read_32g_remote_4kstride,on,36.0,257.687552
remote,0G local / 32G remote,stream_read_32g_remote_4kstride,on,37.0,346.03008
remote,0G local / 32G remote,stream_read_32g_remote_4kstride,on,38.005,256.14468457711445
remote,0G local / 32G remote,stream_read_32g_remote_4kstride,on,39.0,302.7170412060301
remote,0G local / 32G remote,stream_read_32g_remote_4kstride,on,40.0,223.084544
remote,0G local / 32G remote,stream_read_32g_remote_4kstride,on,41.0,386.138112
remote,0G local / 32G remote,stream_read_32g_remote_4kstride,on,42.0,260.046848
remote,0G local / 32G remote,stream_read_32g_remote_4kstride,on,43.0,278.134784
remote,0G local / 32G remote,stream_read_32g_remote_4kstride,on,44.0,357.564416
remote,0G local / 32G remote,stream_read_32g_remote_4kstride,on,45.0,228.06528
remote,0G local / 32G remote,stream_read_32g_remote_4kstride,on,46.0,340.7872
remote,0G local / 32G remote,stream_read_32g_remote_4kstride,on,47.0,273.678336
remote,0G local / 32G remote,stream_read_32g_remote_4kstride,on,48.0,355.467264
remote,0G local / 32G remote,stream_read_32g_remote_4kstride,on,49.0,289.931264
remote,0G local / 32G remote,stream_read_32g_remote_4kstride,on,50.0,243.007488
remote,0G local / 32G remote,stream_read_32g_remote_4kstride,on,51.0,292.028416
remote,0G local / 32G remote,stream_read_32g_remote_4kstride,on,52.0,345.767936
remote,0G local / 32G remote,stream_read_32g_remote_4kstride,on,53.0,300.941312
remote,0G local / 32G remote,stream_read_32g_remote_4kstride,on,54.0,283.639808
remote,0G local / 32G remote,stream_read_32g_remote_4kstride,on,55.0,227.278848
remote,0G local / 32G remote,stream_read_32g_remote_4kstride,on,56.0,206.045184
remote,0G local / 32G remote,stream_read_32g_remote_4kstride,on,57.0,233.832448
remote,0G local / 32G remote,stream_read_32g_remote_4kstride,on,58.0,182.19008
remote,0G local / 32G remote,stream_read_32g_remote_4kstride,on,59.0,222.035968
remote,0G local / 32G remote,stream_read_32g_remote_4kstride,on,60.0,180.87936
remote,0G local / 32G remote,stream_read_32g_remote_4kstride,on,61.0,180.092928
remote,0G local / 32G remote,stream_read_32g_remote_4kstride,on,62.0,230.424576
remote,0G local / 32G remote,stream_read_32g_remote_4kstride,on,63.001,189.07888911088915
remote,0G local / 32G remote,stream_read_32g_remote_4kstride,on,64.0,196.8048048048048
remote,0G local / 32G remote,stream_read_32g_remote_4kstride,on,65.0,171.966464
remote,0G local / 32G remote,stream_read_32g_remote_4kstride,on,66.0,239.599616
remote,0G local / 32G remote,stream_read_32g_remote_4kstride,on,67.0,238.288896
remote,0G local / 32G remote,stream_read_32g_remote_4kstride,on,68.0,239.86176
remote,0G local / 32G remote,stream_read_32g_remote_4kstride,on,69.0,236.978176
remote,0G local / 32G remote,stream_read_32g_remote_4kstride,on,70.0,238.55104
remote,0G local / 32G remote,stream_read_32g_remote_4kstride,on,71.0,241.958912
remote,0G local / 32G remote,stream_read_32g_remote_4kstride,on,72.001,240.1459020979021
remote,0G local / 32G remote,stream_read_32g_remote_4kstride,on,73.0,245.08758358358358
remote,0G local / 32G remote,stream_read_32g_remote_4kstride,on,74.0,276.037632
remote,0G local / 32G remote,stream_read_32g_remote_4kstride,on,75.0,291.504128
remote,0G local / 32G remote,stream_read_32g_remote_4kstride,on,76.0,307.494912
remote,0G local / 32G remote,stream_read_32g_remote_4kstride,on,77.0,343.146496
remote,0G local / 32G remote,stream_read_32g_remote_4kstride,on,78.0,369.360896
remote,0G local / 32G remote,stream_read_32g_remote_4kstride,on,79.0,398.721024
remote,0G local / 32G remote,stream_read_32g_remote_4kstride,on,80.0,368.050176
remote,0G local / 32G remote,stream_read_32g_remote_4kstride,on,81.0,192.413696
remote,0G local / 32G remote,stream_read_32g_remote_4kstride,on,82.0,179.830784
remote,0G local / 32G remote,stream_read_32g_remote_4kstride,on,83.0,179.306496
remote,0G local / 32G remote,stream_read_32g_remote_4kstride,on,84.0,193.200128
remote,0G local / 32G remote,stream_read_32g_remote_4kstride,on,85.0,185.597952
remote,0G local / 32G remote,stream_read_32g_remote_4kstride,on,86.0,213.385216
remote,0G local / 32G remote,stream_read_32g_remote_4kstride,on,87.001,194.05464935064938
remote,0G local / 32G remote,stream_read_32g_remote_4kstride,on,88.0,205.7266226226226
remote,0G local / 32G remote,stream_read_32g_remote_4kstride,on,89.001,327.87641158841166
remote,0G local / 32G remote,stream_read_32g_remote_4kstride,on,90.0,269.4913793793794
remote,0G local / 32G remote,stream_read_32g_remote_4kstride,on,91.0,177.995776
remote,0G local / 32G remote,stream_read_32g_remote_4kstride,on,92.0,306.970624
remote,0G local / 32G remote,stream_read_32g_remote_4kstride,on,93.005,341.17845970149256
remote,0G local / 32G remote,stream_read_32g_remote_4kstride,on,94.0,303.7708864321608
remote,0G local / 32G remote,stream_read_32g_remote_4kstride,on,95.0,254.541824
remote,0G local / 32G remote,stream_read_32g_remote_4kstride,on,96.0,310.116352
remote,0G local / 32G remote,stream_read_32g_remote_4kstride,on,97.0,366.215168
remote,0G local / 32G remote,stream_read_32g_remote_4kstride,on,98.0,226.75456
remote,0G local / 32G remote,stream_read_32g_remote_4kstride,on,99.0,423.36256
remote,0G local / 32G remote,stream_read_32g_remote_4kstride,on,100.0,267.38688
remote,0G local / 32G remote,stream_read_32g_remote_4kstride,on,101.0,374.079488
remote,0G local / 32G remote,stream_read_32g_remote_4kstride,on,102.0,317.718528
remote,0G local / 32G remote,stream_read_32g_remote_4kstride,on,103.0,322.699264
remote,0G local / 32G remote,stream_read_32g_remote_4kstride,on,104.0,305.659904
remote,0G local / 32G remote,stream_read_32g_remote_4kstride,on,105.0,210.763776
remote,0G local / 32G remote,stream_read_32g_remote_4kstride,on,106.0,426.508288
remote,0G local / 32G remote,stream_read_32g_remote_4kstride,on,107.0,259.52256
remote,0G local / 32G remote,stream_read_32g_remote_4kstride,on,108.0,305.659904
remote,0G local / 32G remote,stream_read_32g_remote_4kstride,on,109.0,287.309824
remote,0G local / 32G remote,stream_read_32g_remote_4kstride,on,110.0,358.875136
remote,0G local / 32G remote,stream_read_32g_remote_4kstride,on,111.0,283.639808
remote,0G local / 32G remote,stream_read_32g_remote_4kstride,on,112.0,285.73696
remote,0G local / 32G remote,stream_read_32g_remote_4kstride,on,113.0,270.270464
remote,0G local / 32G remote,stream_read_32g_remote_4kstride,on,114.0,354.156544
remote,0G local / 32G remote,stream_read_32g_remote_4kstride,on,115.0,262.668288
remote,0G local / 32G remote,stream_read_32g_remote_4kstride,on,116.0,283.901952
remote,0G local / 32G remote,stream_read_32g_remote_4kstride,on,117.0,279.18336
remote,0G local / 32G remote,stream_read_32g_remote_4kstride,on,118.0,359.13728
remote,0G local / 32G remote,stream_read_32g_remote_4kstride,on,119.0,365.428736
remote,0G local / 32G remote,stream_read_32g_remote_4kstride,on,120.001,226.00426773226778
remote,0G local / 32G remote,stream_read_32g_remote_4kstride,on,121.001,350.486528
remote,0G local / 32G remote,stream_read_32g_remote_4kstride,on,122.0,301.504960960961
remote,0G local / 32G remote,stream_read_32g_remote_4kstride,on,123.0,394.264576
remote,0G local / 32G remote,stream_read_32g_remote_4kstride,on,124.0,191.627264
remote,0G local / 32G remote,stream_read_32g_remote_4kstride,on,125.0,332.92288
remote,0G local / 32G remote,stream_read_32g_remote_4kstride,on,126.0,262.930432
remote,0G local / 32G remote,stream_read_32g_remote_4kstride,on,127.0,338.427904
remote,0G local / 32G remote,stream_read_32g_remote_4kstride,on,128.0,251.133952
remote,0G local / 32G remote,stream_read_32g_remote_4kstride,on,129.001,319.23430169830175
remote,0G local / 32G remote,stream_read_32g_remote_4kstride,on,130.001,342.622208
remote,0G local / 32G remote,stream_read_32g_remote_4kstride,on,131.001,259.260416
remote,0G local / 32G remote,stream_read_32g_remote_4kstride,on,132.002,357.46909090909094
remote,0G local / 32G remote,stream_read_32g_remote_4kstride,on,133.005,232.0876091724826
remote,0G local / 32G remote,stream_read_32g_remote_4kstride,on,134.0,179.94407236180905
remote,0G local / 32G remote,stream_read_32g_remote_4kstride,on,135.0,176.422912
remote,0G local / 32G remote,stream_read_32g_remote_4kstride,on,136.0,216.793088
remote,0G local / 32G remote,stream_read_32g_remote_4kstride,on,137.0,177.471488
remote,0G local / 32G remote,stream_read_32g_remote_4kstride,on,138.0,171.70432
remote,0G local / 32G remote,stream_read_32g_remote_4kstride,on,139.0,182.452224
remote,0G local / 32G remote,stream_read_32g_remote_4kstride,on,140.0,176.685056
remote,0G local / 32G remote,stream_read_32g_remote_4kstride,on,141.0,179.306496
remote,0G local / 32G remote,stream_read_32g_remote_4kstride,on,142.0,182.976512
remote,0G local / 32G remote,stream_read_32g_remote_4kstride,on,143.0,175.898624
remote,0G local / 32G remote,stream_read_32g_remote_4kstride,on,144.0,189.005824
remote,0G local / 32G remote,stream_read_32g_remote_4kstride,on,145.0,177.471488
remote,0G local / 32G remote,stream_read_32g_remote_4kstride,on,146.0,176.160768
remote,0G local / 32G remote,stream_read_32g_remote_4kstride,on,147.0,180.355072
remote,0G local / 32G remote,stream_read_32g_remote_4kstride,on,148.0,173.539328
remote,0G local / 32G remote,stream_read_32g_remote_4kstride,on,149.0,174.587904
remote,0G local / 32G remote,stream_read_32g_remote_4kstride,on,150.0,202.113024
remote,0G local / 32G remote,stream_read_32g_remote_4kstride,on,151.0,205.78304
remote,0G local / 32G remote,stream_read_32g_remote_4kstride,on,152.0,179.044352
remote,0G local / 32G remote,stream_read_32g_remote_4kstride,on,153.0,175.374336
remote,0G local / 32G remote,stream_read_32g_remote_4kstride,on,154.0,184.81152
remote,0G local / 32G remote,stream_read_32g_remote_4kstride,on,155.0,168.558592
remote,0G local / 32G remote,stream_read_32g_remote_4kstride,on,156.0,179.306496
remote,0G local / 32G remote,stream_read_32g_remote_4kstride,on,157.001,188.29324275724278
remote,0G local / 32G remote,stream_read_32g_remote_4kstride,on,158.0,186.04614214214214
remote,0G local / 32G remote,stream_read_32g_remote_4kstride,on,159.0,180.87936
remote,0G local / 32G remote,stream_read_32g_remote_4kstride,on,160.0,181.665792
remote,0G local / 32G remote,stream_read_32g_remote_4kstride,on,161.0,186.384384
remote,0G local / 32G remote,stream_read_32g_remote_4kstride,on,162.0,175.63648
remote,0G local / 32G remote,stream_read_32g_remote_4kstride,on,163.001,185.15065734265735
remote,0G local / 32G remote,stream_read_32g_remote_4kstride,on,164.0,180.0107947947948
remote,0G local / 32G remote,stream_read_32g_remote_4kstride,on,165.0,186.646528
remote,0G local / 32G remote,stream_read_32g_remote_4kstride,on,166.0,184.81152
remote,0G local / 32G remote,stream_read_32g_remote_4kstride,on,167.0,181.665792
remote,0G local / 32G remote,stream_read_32g_remote_4kstride,on,168.001,181.4843076923077
remote,0G local / 32G remote,stream_read_32g_remote_4kstride,on,169.0,196.8048048048048
remote,0G local / 32G remote,stream_read_32g_remote_4kstride,on,170.0,179.830784
remote,0G local / 32G remote,stream_read_32g_remote_4kstride,on,171.0,186.908672
remote,0G local / 32G remote,stream_read_32g_remote_4kstride,on,172.0,175.374336
remote,0G local / 32G remote,stream_read_32g_remote_4kstride,on,173.0,284.164096
remote,0G local / 32G remote,stream_read_32g_remote_4kstride,on,174.0,262.144
remote,0G local / 32G remote,stream_read_32g_remote_4kstride,on,175.0,246.41536
remote,0G local / 32G remote,stream_read_32g_remote_4kstride,on,176.0,450.625536
remote,0G local / 32G remote,stream_read_32g_remote_4kstride,on,177.001,341.49428171828174
remote,0G local / 32G remote,stream_read_32g_remote_4kstride,on,178.0,312.26362362362363
remote,0G local / 32G remote,stream_read_32g_remote_4kstride,on,179.0,378.273792
remote,0G local / 32G remote,stream_read_32g_remote_4kstride,on,180.0,263.979008
remote,0G local / 32G remote,stream_read_32g_remote_4kstride,on,181.0,395.575296
remote,0G local / 32G remote,stream_read_32g_remote_4kstride,on,182.0,316.407808
remote,0G local / 32G remote,stream_read_32g_remote_4kstride,on,183.0,360.972288
remote,0G local / 32G remote,stream_read_32g_remote_4kstride,on,184.0,288.882688
remote,0G local / 32G remote,stream_read_32g_remote_4kstride,on,185.0,289.144832
remote,0G local / 32G remote,stream_read_32g_remote_4kstride,on,186.0,304.611328
remote,0G local / 32G remote,stream_read_32g_remote_4kstride,on,187.0,348.127232
remote,0G local / 32G remote,stream_read_32g_remote_4kstride,on,188.0,294.649856
remote,0G local / 32G remote,stream_read_32g_remote_4kstride,on,189.0,353.107968
remote,0G local / 32G remote,stream_read_32g_remote_4kstride,on,190.0,300.941312
remote,0G local / 32G remote,stream_read_32g_remote_4kstride,on,191.0,364.38016
remote,0G local / 32G remote,stream_read_32g_remote_4kstride,on,192.0,301.203456
remote,0G local / 32G remote,stream_read_32g_remote_4kstride,on,193.0,346.03008
remote,0G local / 32G remote,stream_read_32g_remote_4kstride,on,194.0,331.350016
remote,0G local / 32G remote,stream_read_32g_remote_4kstride,on,195.0,294.912
remote,0G local / 32G remote,stream_read_32g_remote_4kstride,on,196.0,374.603776
remote,0G local / 32G remote,stream_read_32g_remote_4kstride,on,197.0,267.38688
remote,0G local / 32G remote,stream_read_32g_remote_4kstride,on,198.0,296.747008
remote,0G local / 32G remote,stream_read_32g_remote_4kstride,on,199.0,370.147328
remote,0G local / 32G remote,stream_read_32g_remote_4kstride,on,200.0,303.300608
split8,8G local / 24G remote,stream_read_32g_split8_4kstride,off,1.0,280.49408
split8,8G local / 24G remote,stream_read_32g_split8_4kstride,off,2.0,279.18336
split8,8G local / 24G remote,stream_read_32g_split8_4kstride,off,3.0,279.18336
split8,8G local / 24G remote,stream_read_32g_split8_4kstride,off,4.0,279.445504
split8,8G local / 24G remote,stream_read_32g_split8_4kstride,off,5.0,280.231936
split8,8G local / 24G remote,stream_read_32g_split8_4kstride,off,6.0,289.144832
split8,8G local / 24G remote,stream_read_32g_split8_4kstride,off,7.0,279.18336
split8,8G local / 24G remote,stream_read_32g_split8_4kstride,off,8.001,279.69010189810194
split8,8G local / 24G remote,stream_read_32g_split8_4kstride,off,9.0,279.20041641641643
split8,8G local / 24G remote,stream_read_32g_split8_4kstride,off,10.0,280.756224
split8,8G local / 24G remote,stream_read_32g_split8_4kstride,off,11.0,279.969792
split8,8G local / 24G remote,stream_read_32g_split8_4kstride,off,12.0,279.18336
split8,8G local / 24G remote,stream_read_32g_split8_4kstride,off,13.0,279.969792
split8,8G local / 24G remote,stream_read_32g_split8_4kstride,off,14.0,280.231936
split8,8G local / 24G remote,stream_read_32g_split8_4kstride,off,15.0,279.18336
split8,8G local / 24G remote,stream_read_32g_split8_4kstride,off,16.0,283.11552
split8,8G local / 24G remote,stream_read_32g_split8_4kstride,off,17.0,279.445504
split8,8G local / 24G remote,stream_read_32g_split8_4kstride,off,18.0,278.921216
split8,8G local / 24G remote,stream_read_32g_split8_4kstride,off,19.0,280.49408
split8,8G local / 24G remote,stream_read_32g_split8_4kstride,off,20.0,278.921216
split8,8G local / 24G remote,stream_read_32g_split8_4kstride,off,21.0,288.3584
split8,8G local / 24G remote,stream_read_32g_split8_4kstride,off,22.0,279.969792
split8,8G local / 24G remote,stream_read_32g_split8_4kstride,off,23.0,279.969792
split8,8G local / 24G remote,stream_read_32g_split8_4kstride,off,24.0,279.707648
split8,8G local / 24G remote,stream_read_32g_split8_4kstride,off,25.0,279.445504
split8,8G local / 24G remote,stream_read_32g_split8_4kstride,off,26.0,284.42624
split8,8G local / 24G remote,stream_read_32g_split8_4kstride,off,27.0,278.921216
split8,8G local / 24G remote,stream_read_32g_split8_4kstride,off,28.0,278.921216
split8,8G local / 24G remote,stream_read_32g_split8_4kstride,off,29.0,280.231936
split8,8G local / 24G remote,stream_read_32g_split8_4kstride,off,30.0,278.659072
split8,8G local / 24G remote,stream_read_32g_split8_4kstride,off,31.0,279.445504
split8,8G local / 24G remote,stream_read_32g_split8_4kstride,off,32.0,279.707648
split8,8G local / 24G remote,stream_read_32g_split8_4kstride,off,33.0,278.396928
split8,8G local / 24G remote,stream_read_32g_split8_4kstride,off,34.0,279.18336
split8,8G local / 24G remote,stream_read_32g_split8_4kstride,off,35.0,280.231936
split8,8G local / 24G remote,stream_read_32g_split8_4kstride,off,36.0,282.066944
split8,8G local / 24G remote,stream_read_32g_split8_4kstride,off,37.001,278.9044555444556
split8,8G local / 24G remote,stream_read_32g_split8_4kstride,off,38.0,286.2853893893894
split8,8G local / 24G remote,stream_read_32g_split8_4kstride,off,39.0,279.445504
split8,8G local / 24G remote,stream_read_32g_split8_4kstride,off,40.0,279.969792
split8,8G local / 24G remote,stream_read_32g_split8_4kstride,off,41.0,288.096256
split8,8G local / 24G remote,stream_read_32g_split8_4kstride,off,42.0,281.018368
split8,8G local / 24G remote,stream_read_32g_split8_4kstride,off,43.0,282.329088
split8,8G local / 24G remote,stream_read_32g_split8_4kstride,off,44.0,279.969792
split8,8G local / 24G remote,stream_read_32g_split8_4kstride,off,45.0,279.18336
split8,8G local / 24G remote,stream_read_32g_split8_4kstride,off,46.0,295.960576
split8,8G local / 24G remote,stream_read_32g_split8_4kstride,off,47.0,280.49408
split8,8G local / 24G remote,stream_read_32g_split8_4kstride,off,48.0,280.756224
split8,8G local / 24G remote,stream_read_32g_split8_4kstride,off,49.0,278.396928
split8,8G local / 24G remote,stream_read_32g_split8_4kstride,off,50.0,281.8048
split8,8G local / 24G remote,stream_read_32g_split8_4kstride,off,51.0,287.571968
split8,8G local / 24G remote,stream_read_32g_split8_4kstride,off,52.0,279.18336
split8,8G local / 24G remote,stream_read_32g_split8_4kstride,off,53.001,280.47574825174826
split8,8G local / 24G remote,stream_read_32g_split8_4kstride,off,54.0,281.2996676676677
split8,8G local / 24G remote,stream_read_32g_split8_4kstride,off,55.0,279.707648
split8,8G local / 24G remote,stream_read_32g_split8_4kstride,off,56.0,284.42624
split8,8G local / 24G remote,stream_read_32g_split8_4kstride,off,57.0,281.018368
split8,8G local / 24G remote,stream_read_32g_split8_4kstride,off,58.0,280.231936
split8,8G local / 24G remote,stream_read_32g_split8_4kstride,off,59.0,279.969792
split8,8G local / 24G remote,stream_read_32g_split8_4kstride,off,60.001,279.1663376623377
split8,8G local / 24G remote,stream_read_32g_split8_4kstride,off,61.0,278.6756036036036
split8,8G local / 24G remote,stream_read_32g_split8_4kstride,off,62.0,280.49408
split8,8G local / 24G remote,stream_read_32g_split8_4kstride,off,63.0,280.231936
split8,8G local / 24G remote,stream_read_32g_split8_4kstride,off,64.0,279.445504
split8,8G local / 24G remote,stream_read_32g_split8_4kstride,off,65.0,279.18336
split8,8G local / 24G remote,stream_read_32g_split8_4kstride,off,66.0,281.280512
split8,8G local / 24G remote,stream_read_32g_split8_4kstride,off,67.0,280.756224
split8,8G local / 24G remote,stream_read_32g_split8_4kstride,off,68.0,279.707648
split8,8G local / 24G remote,stream_read_32g_split8_4kstride,off,69.0,280.231936
split8,8G local / 24G remote,stream_read_32g_split8_4kstride,off,70.0,279.18336
split8,8G local / 24G remote,stream_read_32g_split8_4kstride,off,71.001,287.02280119880123
split8,8G local / 24G remote,stream_read_32g_split8_4kstride,off,72.0,280.5124484484484
split8,8G local / 24G remote,stream_read_32g_split8_4kstride,off,73.0,281.8048
split8,8G local / 24G remote,stream_read_32g_split8_4kstride,off,74.0,279.18336
split8,8G local / 24G remote,stream_read_32g_split8_4kstride,off,75.0,279.707648
split8,8G local / 24G remote,stream_read_32g_split8_4kstride,off,76.0,279.18336
split8,8G local / 24G remote,stream_read_32g_split8_4kstride,off,77.0,280.231936
split8,8G local / 24G remote,stream_read_32g_split8_4kstride,off,78.003,280.4391944167498
split8,8G local / 24G remote,stream_read_32g_split8_4kstride,off,79.0,280.8122286860582
split8,8G local / 24G remote,stream_read_32g_split8_4kstride,off,80.0,279.707648
split8,8G local / 24G remote,stream_read_32g_split8_4kstride,off,81.0,279.969792
split8,8G local / 24G remote,stream_read_32g_split8_4kstride,off,82.0,279.969792
split8,8G local / 24G remote,stream_read_32g_split8_4kstride,off,83.0,279.18336
split8,8G local / 24G remote,stream_read_32g_split8_4kstride,off,84.0,279.445504
split8,8G local / 24G remote,stream_read_32g_split8_4kstride,off,85.0,280.756224
split8,8G local / 24G remote,stream_read_32g_split8_4kstride,off,86.0,281.8048
split8,8G local / 24G remote,stream_read_32g_split8_4kstride,off,87.0,279.969792
split8,8G local / 24G remote,stream_read_32g_split8_4kstride,off,88.0,280.49408
split8,8G local / 24G remote,stream_read_32g_split8_4kstride,off,89.0,279.707648
split8,8G local / 24G remote,stream_read_32g_split8_4kstride,off,90.0,280.231936
split8,8G local / 24G remote,stream_read_32g_split8_4kstride,off,91.0,284.164096
split8,8G local / 24G remote,stream_read_32g_split8_4kstride,off,92.0,278.921216
split8,8G local / 24G remote,stream_read_32g_split8_4kstride,off,93.0,280.231936
split8,8G local / 24G remote,stream_read_32g_split8_4kstride,off,94.0,279.445504
split8,8G local / 24G remote,stream_read_32g_split8_4kstride,off,95.0,280.756224
split8,8G local / 24G remote,stream_read_32g_split8_4kstride,off,96.0,282.853376
split8,8G local / 24G remote,stream_read_32g_split8_4kstride,off,97.0,279.18336
split8,8G local / 24G remote,stream_read_32g_split8_4kstride,off,98.0,279.969792
split8,8G local / 24G remote,stream_read_32g_split8_4kstride,off,99.0,278.921216
split8,8G local / 24G remote,stream_read_32g_split8_4kstride,off,100.0,278.659072
split8,8G local / 24G remote,stream_read_32g_split8_4kstride,off,101.0,278.659072
split8,8G local / 24G remote,stream_read_32g_split8_4kstride,off,102.0,278.659072
split8,8G local / 24G remote,stream_read_32g_split8_4kstride,off,103.0,278.659072
split8,8G local / 24G remote,stream_read_32g_split8_4kstride,off,104.0,278.921216
split8,8G local / 24G remote,stream_read_32g_split8_4kstride,off,105.0,279.445504
split8,8G local / 24G remote,stream_read_32g_split8_4kstride,off,106.0,277.610496
split8,8G local / 24G remote,stream_read_32g_split8_4kstride,off,107.0,278.659072
split8,8G local / 24G remote,stream_read_32g_split8_4kstride,off,108.0,279.445504
split8,8G local / 24G remote,stream_read_32g_split8_4kstride,off,109.0,279.18336
split8,8G local / 24G remote,stream_read_32g_split8_4kstride,off,110.0,278.659072
split8,8G local / 24G remote,stream_read_32g_split8_4kstride,off,111.0,287.04768
split8,8G local / 24G remote,stream_read_32g_split8_4kstride,off,112.0,278.134784
split8,8G local / 24G remote,stream_read_32g_split8_4kstride,off,113.0,278.921216
split8,8G local / 24G remote,stream_read_32g_split8_4kstride,off,114.0,278.659072
split8,8G local / 24G remote,stream_read_32g_split8_4kstride,off,115.001,279.4282197802198
split8,8G local / 24G remote,stream_read_32g_split8_4kstride,off,116.0,278.93801001001003
split8,8G local / 24G remote,stream_read_32g_split8_4kstride,off,117.0,277.610496
split8,8G local / 24G remote,stream_read_32g_split8_4kstride,off,118.0,278.134784
split8,8G local / 24G remote,stream_read_32g_split8_4kstride,off,119.0,278.396928
split8,8G local / 24G remote,stream_read_32g_split8_4kstride,off,120.0,280.49408
split8,8G local / 24G remote,stream_read_32g_split8_4kstride,off,121.0,282.066944
split8,8G local / 24G remote,stream_read_32g_split8_4kstride,off,122.0,279.969792
split8,8G local / 24G remote,stream_read_32g_split8_4kstride,off,123.001,278.9044555444556
split8,8G local / 24G remote,stream_read_32g_split8_4kstride,off,124.0,278.1507907907908
split8,8G local / 24G remote,stream_read_32g_split8_4kstride,off,125.0,279.707648
split8,8G local / 24G remote,stream_read_32g_split8_4kstride,off,126.001,287.02280119880123
split8,8G local / 24G remote,stream_read_32g_split8_4kstride,off,127.0,279.20041641641643
split8,8G local / 24G remote,stream_read_32g_split8_4kstride,off,128.0,278.921216
split8,8G local / 24G remote,stream_read_32g_split8_4kstride,off,129.0,278.659072
split8,8G local / 24G remote,stream_read_32g_split8_4kstride,off,130.0,280.231936
split8,8G local / 24G remote,stream_read_32g_split8_4kstride,off,131.0,277.87264
split8,8G local / 24G remote,stream_read_32g_split8_4kstride,off,132.0,279.969792
split8,8G local / 24G remote,stream_read_32g_split8_4kstride,off,133.0,278.921216
split8,8G local / 24G remote,stream_read_32g_split8_4kstride,off,134.001,279.1663376623377
split8,8G local / 24G remote,stream_read_32g_split8_4kstride,off,135.0,279.20041641641643
split8,8G local / 24G remote,stream_read_32g_split8_4kstride,off,136.0,281.542656
split8,8G local / 24G remote,stream_read_32g_split8_4kstride,off,137.0,279.707648
split8,8G local / 24G remote,stream_read_32g_split8_4kstride,off,138.0,278.921216
split8,8G local / 24G remote,stream_read_32g_split8_4kstride,off,139.0,280.231936
split8,8G local / 24G remote,stream_read_32g_split8_4kstride,off,140.001,279.1663376623377
split8,8G local / 24G remote,stream_read_32g_split8_4kstride,off,141.0,286.5477957957958
split8,8G local / 24G remote,stream_read_32g_split8_4kstride,off,142.0,304.611328
split8,8G local / 24G remote,stream_read_32g_split8_4kstride,off,143.0,279.18336
split8,8G local / 24G remote,stream_read_32g_split8_4kstride,off,144.0,278.396928
split8,8G local / 24G remote,stream_read_32g_split8_4kstride,off,145.0,279.445504
split8,8G local / 24G remote,stream_read_32g_split8_4kstride,off,146.0,288.096256
split8,8G local / 24G remote,stream_read_32g_split8_4kstride,off,147.0,279.969792
split8,8G local / 24G remote,stream_read_32g_split8_4kstride,off,148.0,278.134784
split8,8G local / 24G remote,stream_read_32g_split8_4kstride,off,149.0,279.18336
split8,8G local / 24G remote,stream_read_32g_split8_4kstride,off,150.0,281.018368
split8,8G local / 24G remote,stream_read_32g_split8_4kstride,off,151.0,289.144832
split8,8G local / 24G remote,stream_read_32g_split8_4kstride,off,152.0,279.707648
split8,8G local / 24G remote,stream_read_32g_split8_4kstride,off,153.0,280.49408
split8,8G local / 24G remote,stream_read_32g_split8_4kstride,off,154.0,279.18336
split8,8G local / 24G remote,stream_read_32g_split8_4kstride,off,155.0,279.445504
split8,8G local / 24G remote,stream_read_32g_split8_4kstride,off,156.0,282.853376
split8,8G local / 24G remote,stream_read_32g_split8_4kstride,off,157.0,279.18336
split8,8G local / 24G remote,stream_read_32g_split8_4kstride,off,158.0,280.756224
split8,8G local / 24G remote,stream_read_32g_split8_4kstride,off,159.0,280.231936
split8,8G local / 24G remote,stream_read_32g_split8_4kstride,off,160.0,279.969792
split8,8G local / 24G remote,stream_read_32g_split8_4kstride,off,161.0,281.280512
split8,8G local / 24G remote,stream_read_32g_split8_4kstride,off,162.0,279.969792
split8,8G local / 24G remote,stream_read_32g_split8_4kstride,off,163.0,278.396928
split8,8G local / 24G remote,stream_read_32g_split8_4kstride,off,164.001,279.1663376623377
split8,8G local / 24G remote,stream_read_32g_split8_4kstride,off,165.0,279.9876356356356
split8,8G local / 24G remote,stream_read_32g_split8_4kstride,off,166.0,279.445504
split8,8G local / 24G remote,stream_read_32g_split8_4kstride,off,167.0,279.707648
split8,8G local / 24G remote,stream_read_32g_split8_4kstride,off,168.0,277.348352
split8,8G local / 24G remote,stream_read_32g_split8_4kstride,off,169.0,280.756224
split8,8G local / 24G remote,stream_read_32g_split8_4kstride,off,170.0,279.445504
split8,8G local / 24G remote,stream_read_32g_split8_4kstride,off,171.0,281.542656
split8,8G local / 24G remote,stream_read_32g_split8_4kstride,off,172.0,279.969792
split8,8G local / 24G remote,stream_read_32g_split8_4kstride,off,173.0,279.707648
split8,8G local / 24G remote,stream_read_32g_split8_4kstride,off,174.0,279.969792
split8,8G local / 24G remote,stream_read_32g_split8_4kstride,off,175.0,278.396928
split8,8G local / 24G remote,stream_read_32g_split8_4kstride,off,176.0,279.445504
split8,8G local / 24G remote,stream_read_32g_split8_4kstride,off,177.0,284.42624
split8,8G local / 24G remote,stream_read_32g_split8_4kstride,off,178.0,278.659072
split8,8G local / 24G remote,stream_read_32g_split8_4kstride,off,179.0,279.969792
split8,8G local / 24G remote,stream_read_32g_split8_4kstride,off,180.001,278.3806913086913
split8,8G local / 24G remote,stream_read_32g_split8_4kstride,off,181.0,280.7748548548549
split8,8G local / 24G remote,stream_read_32g_split8_4kstride,off,182.0,286.261248
split8,8G local / 24G remote,stream_read_32g_split8_4kstride,off,183.0,279.18336
split8,8G local / 24G remote,stream_read_32g_split8_4kstride,off,184.0,278.921216
split8,8G local / 24G remote,stream_read_32g_split8_4kstride,off,185.0,279.969792
split8,8G local / 24G remote,stream_read_32g_split8_4kstride,off,186.0,279.445504
split8,8G local / 24G remote,stream_read_32g_split8_4kstride,off,187.0,281.8048
split8,8G local / 24G remote,stream_read_32g_split8_4kstride,off,188.0,278.396928
split8,8G local / 24G remote,stream_read_32g_split8_4kstride,off,189.0,279.969792
split8,8G local / 24G remote,stream_read_32g_split8_4kstride,off,190.0,278.396928
split8,8G local / 24G remote,stream_read_32g_split8_4kstride,off,191.0,279.18336
split8,8G local / 24G remote,stream_read_32g_split8_4kstride,off,192.0,279.707648
split8,8G local / 24G remote,stream_read_32g_split8_4kstride,off,193.0,279.445504
split8,8G local / 24G remote,stream_read_32g_split8_4kstride,off,194.0,280.231936
split8,8G local / 24G remote,stream_read_32g_split8_4kstride,off,195.0,279.445504
split8,8G local / 24G remote,stream_read_32g_split8_4kstride,off,196.0,278.659072
split8,8G local / 24G remote,stream_read_32g_split8_4kstride,off,197.0,300.417024
split8,8G local / 24G remote,stream_read_32g_split8_4kstride,off,198.001,280.2138661338662
split8,8G local / 24G remote,stream_read_32g_split8_4kstride,off,199.0,277.8883843843844
split8,8G local / 24G remote,stream_read_32g_split8_4kstride,off,200.0,278.134784
split8,8G local / 24G remote,stream_read_32g_split8_4kstride,on,1.0,258.21184
split8,8G local / 24G remote,stream_read_32g_split8_4kstride,on,2.0,263.979008
split8,8G local / 24G remote,stream_read_32g_split8_4kstride,on,3.0,310.902784
split8,8G local / 24G remote,stream_read_32g_split8_4kstride,on,4.0,244.580352
split8,8G local / 24G remote,stream_read_32g_split8_4kstride,on,5.0,328.99072
split8,8G local / 24G remote,stream_read_32g_split8_4kstride,on,6.0,276.824064
split8,8G local / 24G remote,stream_read_32g_split8_4kstride,on,7.0,357.564416
split8,8G local / 24G remote,stream_read_32g_split8_4kstride,on,8.0,297.009152
split8,8G local / 24G remote,stream_read_32g_split8_4kstride,on,9.0,284.950528
split8,8G local / 24G remote,stream_read_32g_split8_4kstride,on,10.0,279.18336
split8,8G local / 24G remote,stream_read_32g_split8_4kstride,on,11.0,357.302272
split8,8G local / 24G remote,stream_read_32g_split8_4kstride,on,12.0,299.630592
split8,8G local / 24G remote,stream_read_32g_split8_4kstride,on,13.0,168.558592
split8,8G local / 24G remote,stream_read_32g_split8_4kstride,on,14.0,162.267136
split8,8G local / 24G remote,stream_read_32g_split8_4kstride,on,15.0,339.738624
split8,8G local / 24G remote,stream_read_32g_split8_4kstride,on,16.008,173.98247619047618
split8,8G local / 24G remote,stream_read_32g_split8_4kstride,on,17.0,176.26012903225805
split8,8G local / 24G remote,stream_read_32g_split8_4kstride,on,18.0,171.180032
split8,8G local / 24G remote,stream_read_32g_split8_4kstride,on,19.001,175.19913686313689
split8,8G local / 24G remote,stream_read_32g_split8_4kstride,on,20.0,315.9373133133133
split8,8G local / 24G remote,stream_read_32g_split8_4kstride,on,21.0,175.374336
split8,8G local / 24G remote,stream_read_32g_split8_4kstride,on,22.0,209.7152
split8,8G local / 24G remote,stream_read_32g_split8_4kstride,on,23.0,238.288896
split8,8G local / 24G remote,stream_read_32g_split8_4kstride,on,24.0,218.365952
split8,8G local / 24G remote,stream_read_32g_split8_4kstride,on,25.0,260.571136
split8,8G local / 24G remote,stream_read_32g_split8_4kstride,on,26.001,394.3944695304696
split8,8G local / 24G remote,stream_read_32g_split8_4kstride,on,27.0,293.37036236236236
split8,8G local / 24G remote,stream_read_32g_split8_4kstride,on,28.0,305.135616
split8,8G local / 24G remote,stream_read_32g_split8_4kstride,on,29.0,355.20512
split8,8G local / 24G remote,stream_read_32g_split8_4kstride,on,30.0,321.1264
split8,8G local / 24G remote,stream_read_32g_split8_4kstride,on,31.0,443.02336
split8,8G local / 24G remote,stream_read_32g_split8_4kstride,on,32.0,233.30816
split8,8G local / 24G remote,stream_read_32g_split8_4kstride,on,33.001,444.67583616383627
split8,8G local / 24G remote,stream_read_32g_split8_4kstride,on,34.0,246.1372092092092
split8,8G local / 24G remote,stream_read_32g_split8_4kstride,on,35.0,349.700096
split8,8G local / 24G remote,stream_read_32g_split8_4kstride,on,36.0,279.707648
split8,8G local / 24G remote,stream_read_32g_split8_4kstride,on,37.0,287.04768
split8,8G local / 24G remote,stream_read_32g_split8_4kstride,on,38.0,365.166592
split8,8G local / 24G remote,stream_read_32g_split8_4kstride,on,39.0,236.978176
split8,8G local / 24G remote,stream_read_32g_split8_4kstride,on,40.0,288.620544
split8,8G local / 24G remote,stream_read_32g_split8_4kstride,on,41.0,294.912
split8,8G local / 24G remote,stream_read_32g_split8_4kstride,on,42.0,331.350016
split8,8G local / 24G remote,stream_read_32g_split8_4kstride,on,43.0,320.077824
split8,8G local / 24G remote,stream_read_32g_split8_4kstride,on,44.0,276.037632
split8,8G local / 24G remote,stream_read_32g_split8_4kstride,on,45.0,356.51584
split8,8G local / 24G remote,stream_read_32g_split8_4kstride,on,46.0,311.164928
split8,8G local / 24G remote,stream_read_32g_split8_4kstride,on,47.0,267.38688
split8,8G local / 24G remote,stream_read_32g_split8_4kstride,on,48.0,362.807296
split8,8G local / 24G remote,stream_read_32g_split8_4kstride,on,49.001,226.528031968032
split8,8G local / 24G remote,stream_read_32g_split8_4kstride,on,50.0,405.9427107107107
split8,8G local / 24G remote,stream_read_32g_split8_4kstride,on,51.0,215.482368
split8,8G local / 24G remote,stream_read_32g_split8_4kstride,on,52.0,369.885184
split8,8G local / 24G remote,stream_read_32g_split8_4kstride,on,53.0,267.124736
split8,8G local / 24G remote,stream_read_32g_split8_4kstride,on,54.0,355.467264
split8,8G local / 24G remote,stream_read_32g_split8_4kstride,on,55.3,277.2676923076923
split8,8G local / 24G remote,stream_read_32g_split8_4kstride,on,56.0,320.1901714285715
split8,8G local / 24G remote,stream_read_32g_split8_4kstride,on,57.0,170.917888
split8,8G local / 24G remote,stream_read_32g_split8_4kstride,on,58.0,183.762944
split8,8G local / 24G remote,stream_read_32g_split8_4kstride,on,59.0,179.56864
split8,8G local / 24G remote,stream_read_32g_split8_4kstride,on,60.0,182.19008
split8,8G local / 24G remote,stream_read_32g_split8_4kstride,on,61.0,178.520064
split8,8G local / 24G remote,stream_read_32g_split8_4kstride,on,62.0,158.859264
split8,8G local / 24G remote,stream_read_32g_split8_4kstride,on,63.0,166.985728
split8,8G local / 24G remote,stream_read_32g_split8_4kstride,on,64.0,174.587904
split8,8G local / 24G remote,stream_read_32g_split8_4kstride,on,65.0,181.403648
split8,8G local / 24G remote,stream_read_32g_split8_4kstride,on,66.0,167.247872
split8,8G local / 24G remote,stream_read_32g_split8_4kstride,on,67.0,165.15072
split8,8G local / 24G remote,stream_read_32g_split8_4kstride,on,68.0,175.112192
split8,8G local / 24G remote,stream_read_32g_split8_4kstride,on,69.0,173.277184
split8,8G local / 24G remote,stream_read_32g_split8_4kstride,on,70.0,169.345024
split8,8G local / 24G remote,stream_read_32g_split8_4kstride,on,71.0,226.75456
split8,8G local / 24G remote,stream_read_32g_split8_4kstride,on,72.0,163.84
split8,8G local / 24G remote,stream_read_32g_split8_4kstride,on,73.0,177.471488
split8,8G local / 24G remote,stream_read_32g_split8_4kstride,on,74.0,185.597952
split8,8G local / 24G remote,stream_read_32g_split8_4kstride,on,75.0,169.345024
split8,8G local / 24G remote,stream_read_32g_split8_4kstride,on,76.0,166.723584
split8,8G local / 24G remote,stream_read_32g_split8_4kstride,on,77.001,199.55417382617384
split8,8G local / 24G remote,stream_read_32g_split8_4kstride,on,78.0,167.1528808808809
split8,8G local / 24G remote,stream_read_32g_split8_4kstride,on,79.0,190.316544
split8,8G local / 24G remote,stream_read_32g_split8_4kstride,on,80.0,193.98656
split8,8G local / 24G remote,stream_read_32g_split8_4kstride,on,81.0,178.25792
split8,8G local / 24G remote,stream_read_32g_split8_4kstride,on,82.0,170.3936
split8,8G local / 24G remote,stream_read_32g_split8_4kstride,on,83.0,181.665792
split8,8G local / 24G remote,stream_read_32g_split8_4kstride,on,84.0,186.384384
split8,8G local / 24G remote,stream_read_32g_split8_4kstride,on,85.0,180.617216
split8,8G local / 24G remote,stream_read_32g_split8_4kstride,on,86.0,170.917888
split8,8G local / 24G remote,stream_read_32g_split8_4kstride,on,87.0,212.860928
split8,8G local / 24G remote,stream_read_32g_split8_4kstride,on,88.0,168.296448
split8,8G local / 24G remote,stream_read_32g_split8_4kstride,on,89.001,205.83934465534466
split8,8G local / 24G remote,stream_read_32g_split8_4kstride,on,90.0,171.8761961961962
split8,8G local / 24G remote,stream_read_32g_split8_4kstride,on,91.0,179.830784
split8,8G local / 24G remote,stream_read_32g_split8_4kstride,on,92.0,170.131456
split8,8G local / 24G remote,stream_read_32g_split8_4kstride,on,93.0,173.801472
split8,8G local / 24G remote,stream_read_32g_split8_4kstride,on,94.0,207.09376
split8,8G local / 24G remote,stream_read_32g_split8_4kstride,on,95.0,379.322368
split8,8G local / 24G remote,stream_read_32g_split8_4kstride,on,96.0,202.375168
split8,8G local / 24G remote,stream_read_32g_split8_4kstride,on,97.0,365.69088
split8,8G local / 24G remote,stream_read_32g_split8_4kstride,on,98.0,254.017536
split8,8G local / 24G remote,stream_read_32g_split8_4kstride,on,99.0,432.799744
split8,8G local / 24G remote,stream_read_32g_split8_4kstride,on,100.003,199.67897906281158
split8,8G local / 24G remote,stream_read_32g_split8_4kstride,on,101.0,392.29573520561684
split8,8G local / 24G remote,stream_read_32g_split8_4kstride,on,102.001,272.35740259740265
split8,8G local / 24G remote,stream_read_32g_split8_4kstride,on,103.0,377.60281881881883
split8,8G local / 24G remote,stream_read_32g_split8_4kstride,on,104.0,301.4656
split8,8G local / 24G remote,stream_read_32g_split8_4kstride,on,105.0,387.710976
split8,8G local / 24G remote,stream_read_32g_split8_4kstride,on,106.0,207.618048
split8,8G local / 24G remote,stream_read_32g_split8_4kstride,on,107.0,400.818176
split8,8G local / 24G remote,stream_read_32g_split8_4kstride,on,108.0,243.79392
split8,8G local / 24G remote,stream_read_32g_split8_4kstride,on,109.0,428.60544
split8,8G local / 24G remote,stream_read_32g_split8_4kstride,on,110.0,211.812352
split8,8G local / 24G remote,stream_read_32g_split8_4kstride,on,111.001,396.7514085914086
split8,8G local / 24G remote,stream_read_32g_split8_4kstride,on,112.0,201.0033073073073
split8,8G local / 24G remote,stream_read_32g_split8_4kstride,on,113.0,402.39104
split8,8G local / 24G remote,stream_read_32g_split8_4kstride,on,114.0,253.755392
split8,8G local / 24G remote,stream_read_32g_split8_4kstride,on,115.0,345.767936
split8,8G local / 24G remote,stream_read_32g_split8_4kstride,on,116.001,259.78706093906095
split8,8G local / 24G remote,stream_read_32g_split8_4kstride,on,117.0,375.2411611611612
split8,8G local / 24G remote,stream_read_32g_split8_4kstride,on,118.0,353.632256
split8,8G local / 24G remote,stream_read_32g_split8_4kstride,on,119.0,322.961408
split8,8G local / 24G remote,stream_read_32g_split8_4kstride,on,120.0,298.582016
split8,8G local / 24G remote,stream_read_32g_split8_4kstride,on,121.0,361.234432
split8,8G local / 24G remote,stream_read_32g_split8_4kstride,on,122.0,295.960576
split8,8G local / 24G remote,stream_read_32g_split8_4kstride,on,123.0,301.727744
split8,8G local / 24G remote,stream_read_32g_split8_4kstride,on,124.0,320.602112
split8,8G local / 24G remote,stream_read_32g_split8_4kstride,on,125.0,292.552704
split8,8G local / 24G remote,stream_read_32g_split8_4kstride,on,126.0,301.727744
split8,8G local / 24G remote,stream_read_32g_split8_4kstride,on,127.003,341.0746959122633
split8,8G local / 24G remote,stream_read_32g_split8_4kstride,on,128.0,344.1790330992979
split8,8G local / 24G remote,stream_read_32g_split8_4kstride,on,129.0,247.463936
split8,8G local / 24G remote,stream_read_32g_split8_4kstride,on,130.0,425.459712
split8,8G local / 24G remote,stream_read_32g_split8_4kstride,on,131.0,229.900288
split8,8G local / 24G remote,stream_read_32g_split8_4kstride,on,132.0,342.884352
split8,8G local / 24G remote,stream_read_32g_split8_4kstride,on,133.0,325.320704
split8,8G local / 24G remote,stream_read_32g_split8_4kstride,on,134.001,395.44199800199806
split8,8G local / 24G remote,stream_read_32g_split8_4kstride,on,135.002,350.13639160839165
split8,8G local / 24G remote,stream_read_32g_split8_4kstride,on,136.0,257.9412905811623
split8,8G local / 24G remote,stream_read_32g_split8_4kstride,on,137.0,421.527552
split8,8G local / 24G remote,stream_read_32g_split8_4kstride,on,138.158,242.67562003454233
split8,8G local / 24G remote,stream_read_32g_split8_4kstride,on,139.001,179.11618505338078
split8,8G local / 24G remote,stream_read_32g_split8_4kstride,on,140.0,182.89726526526525
split8,8G local / 24G remote,stream_read_32g_split8_4kstride,on,141.003,179.0315453639083
split8,8G local / 24G remote,stream_read_32g_split8_4kstride,on,142.0,186.68228686058177
split8,8G local / 24G remote,stream_read_32g_split8_4kstride,on,143.001,182.00807192807196
split8,8G local / 24G remote,stream_read_32g_split8_4kstride,on,144.0,187.882986986987
split8,8G local / 24G remote,stream_read_32g_split8_4kstride,on,145.0,172.490752
split8,8G local / 24G remote,stream_read_32g_split8_4kstride,on,146.0,184.81152
split8,8G local / 24G remote,stream_read_32g_split8_4kstride,on,147.001,179.12736863136863
split8,8G local / 24G remote,stream_read_32g_split8_4kstride,on,148.0,183.4220780780781
split8,8G local / 24G remote,stream_read_32g_split8_4kstride,on,149.0,176.422912
split8,8G local / 24G remote,stream_read_32g_split8_4kstride,on,150.0,183.5008
split8,8G local / 24G remote,stream_read_32g_split8_4kstride,on,151.0,185.073664
split8,8G local / 24G remote,stream_read_32g_split8_4kstride,on,152.0,180.617216
split8,8G local / 24G remote,stream_read_32g_split8_4kstride,on,153.0,186.12224
split8,8G local / 24G remote,stream_read_32g_split8_4kstride,on,154.0,178.782208
split8,8G local / 24G remote,stream_read_32g_split8_4kstride,on,155.0,181.403648
split8,8G local / 24G remote,stream_read_32g_split8_4kstride,on,156.0,188.481536
split8,8G local / 24G remote,stream_read_32g_split8_4kstride,on,157.0,180.617216
split8,8G local / 24G remote,stream_read_32g_split8_4kstride,on,158.0,185.860096
split8,8G local / 24G remote,stream_read_32g_split8_4kstride,on,159.0,177.995776
split8,8G local / 24G remote,stream_read_32g_split8_4kstride,on,160.0,185.073664
split8,8G local / 24G remote,stream_read_32g_split8_4kstride,on,161.0,185.597952
split8,8G local / 24G remote,stream_read_32g_split8_4kstride,on,162.0,176.685056
split8,8G local / 24G remote,stream_read_32g_split8_4kstride,on,163.0,181.141504
split8,8G local / 24G remote,stream_read_32g_split8_4kstride,on,164.0,357.302272
split8,8G local / 24G remote,stream_read_32g_split8_4kstride,on,165.0,181.141504
split8,8G local / 24G remote,stream_read_32g_split8_4kstride,on,166.0,187.957248
split8,8G local / 24G remote,stream_read_32g_split8_4kstride,on,167.0,177.209344
split8,8G local / 24G remote,stream_read_32g_split8_4kstride,on,168.0,191.627264
split8,8G local / 24G remote,stream_read_32g_split8_4kstride,on,169.0,228.589568
split8,8G local / 24G remote,stream_read_32g_split8_4kstride,on,170.0,409.468928
split8,8G local / 24G remote,stream_read_32g_split8_4kstride,on,171.001,229.67061738261742
split8,8G local / 24G remote,stream_read_32g_split8_4kstride,on,172.0,340.3411091091091
split8,8G local / 24G remote,stream_read_32g_split8_4kstride,on,173.0,297.009152
split8,8G local / 24G remote,stream_read_32g_split8_4kstride,on,174.0,403.177472
split8,8G local / 24G remote,stream_read_32g_split8_4kstride,on,175.0,322.43712
split8,8G local / 24G remote,stream_read_32g_split8_4kstride,on,176.001,254.2875364635365
split8,8G local / 24G remote,stream_read_32g_split8_4kstride,on,177.0,303.8666186186186
split8,8G local / 24G remote,stream_read_32g_split8_4kstride,on,178.0,415.236096
split8,8G local / 24G remote,stream_read_32g_split8_4kstride,on,179.001,297.75996803196807
split8,8G local / 24G remote,stream_read_32g_split8_4kstride,on,180.0,387.57426226226227
split8,8G local / 24G remote,stream_read_32g_split8_4kstride,on,181.0,333.971456
split8,8G local / 24G remote,stream_read_32g_split8_4kstride,on,182.0,258.21184
split8,8G local / 24G remote,stream_read_32g_split8_4kstride,on,183.0,378.011648
split8,8G local / 24G remote,stream_read_32g_split8_4kstride,on,184.0,325.844992
split8,8G local / 24G remote,stream_read_32g_split8_4kstride,on,185.0,389.021696
split8,8G local / 24G remote,stream_read_32g_split8_4kstride,on,186.0,365.428736
split8,8G local / 24G remote,stream_read_32g_split8_4kstride,on,187.0,405.01248
split8,8G local / 24G remote,stream_read_32g_split8_4kstride,on,188.0,349.700096
split8,8G local / 24G remote,stream_read_32g_split8_4kstride,on,189.001,340.1848711288711
split8,8G local / 24G remote,stream_read_32g_split8_4kstride,on,190.0,329.32004004004
split8,8G local / 24G remote,stream_read_32g_split8_4kstride,on,191.0,353.107968
split8,8G local / 24G remote,stream_read_32g_split8_4kstride,on,192.0,384.303104
split8,8G local / 24G remote,stream_read_32g_split8_4kstride,on,193.0,352.321536
split8,8G local / 24G remote,stream_read_32g_split8_4kstride,on,194.0,353.8944
split8,8G local / 24G remote,stream_read_32g_split8_4kstride,on,195.0,239.337472
split8,8G local / 24G remote,stream_read_32g_split8_4kstride,on,196.0,471.334912
split8,8G local / 24G remote,stream_read_32g_split8_4kstride,on,197.0,327.155712
split8,8G local / 24G remote,stream_read_32g_split8_4kstride,on,198.0,339.738624
split8,8G local / 24G remote,stream_read_32g_split8_4kstride,on,199.0,418.381824
split8,8G local / 24G remote,stream_read_32g_split8_4kstride,on,200.0,295.436288
split16,16G local / 16G remote,stream_read_32g_split16_4kstride,off,1.0,565.444608
split16,16G local / 16G remote,stream_read_32g_split16_4kstride,off,2.0,563.085312
split16,16G local / 16G remote,stream_read_32g_split16_4kstride,off,3.0,564.396032
split16,16G local / 16G remote,stream_read_32g_split16_4kstride,off,4.0,564.658176
split16,16G local / 16G remote,stream_read_32g_split16_4kstride,off,5.0,564.658176
split16,16G local / 16G remote,stream_read_32g_split16_4kstride,off,6.0,563.085312
split16,16G local / 16G remote,stream_read_32g_split16_4kstride,off,7.0,564.92032
split16,16G local / 16G remote,stream_read_32g_split16_4kstride,off,8.0,562.823168
split16,16G local / 16G remote,stream_read_32g_split16_4kstride,off,9.0,564.92032
split16,16G local / 16G remote,stream_read_32g_split16_4kstride,off,10.0,563.085312
split16,16G local / 16G remote,stream_read_32g_split16_4kstride,off,11.0,563.085312
split16,16G local / 16G remote,stream_read_32g_split16_4kstride,off,12.0,562.29888
split16,16G local / 16G remote,stream_read_32g_split16_4kstride,off,13.001,564.8797282717283
split16,16G local / 16G remote,stream_read_32g_split16_4kstride,off,14.0,564.1737737737737
split16,16G local / 16G remote,stream_read_32g_split16_4kstride,off,15.0,561.512448
split16,16G local / 16G remote,stream_read_32g_split16_4kstride,off,16.0,561.774592
split16,16G local / 16G remote,stream_read_32g_split16_4kstride,off,17.0,563.6096
split16,16G local / 16G remote,stream_read_32g_split16_4kstride,off,18.0,565.968896
split16,16G local / 16G remote,stream_read_32g_split16_4kstride,off,19.001,563.8321998001999
split16,16G local / 16G remote,stream_read_32g_split16_4kstride,off,20.0,564.4361801801801
split16,16G local / 16G remote,stream_read_32g_split16_4kstride,off,21.0,563.347456
split16,16G local / 16G remote,stream_read_32g_split16_4kstride,off,22.0,563.6096
split16,16G local / 16G remote,stream_read_32g_split16_4kstride,off,23.0,564.133888
split16,16G local / 16G remote,stream_read_32g_split16_4kstride,off,24.0,564.92032
split16,16G local / 16G remote,stream_read_32g_split16_4kstride,off,25.0,563.347456
split16,16G local / 16G remote,stream_read_32g_split16_4kstride,off,26.0,561.774592
split16,16G local / 16G remote,stream_read_32g_split16_4kstride,off,27.0,564.133888
split16,16G local / 16G remote,stream_read_32g_split16_4kstride,off,28.0,561.774592
split16,16G local / 16G remote,stream_read_32g_split16_4kstride,off,29.0,565.444608
split16,16G local / 16G remote,stream_read_32g_split16_4kstride,off,30.0,565.444608
split16,16G local / 16G remote,stream_read_32g_split16_4kstride,off,31.0,560.98816
split16,16G local / 16G remote,stream_read_32g_split16_4kstride,off,32.0,562.29888
split16,16G local / 16G remote,stream_read_32g_split16_4kstride,off,33.0,564.396032
split16,16G local / 16G remote,stream_read_32g_split16_4kstride,off,34.0,562.823168
split16,16G local / 16G remote,stream_read_32g_split16_4kstride,off,35.0,563.085312
split16,16G local / 16G remote,stream_read_32g_split16_4kstride,off,36.0,561.774592
split16,16G local / 16G remote,stream_read_32g_split16_4kstride,off,37.0,562.036736
split16,16G local / 16G remote,stream_read_32g_split16_4kstride,off,38.001,561.4752607392608
split16,16G local / 16G remote,stream_read_32g_split16_4kstride,off,39.0,564.1737737737737
split16,16G local / 16G remote,stream_read_32g_split16_4kstride,off,40.0,562.036736
split16,16G local / 16G remote,stream_read_32g_split16_4kstride,off,41.0,563.6096
split16,16G local / 16G remote,stream_read_32g_split16_4kstride,off,42.0,562.29888
split16,16G local / 16G remote,stream_read_32g_split16_4kstride,off,43.0,563.347456
split16,16G local / 16G remote,stream_read_32g_split16_4kstride,off,44.001,563.0465534465535
split16,16G local / 16G remote,stream_read_32g_split16_4kstride,off,45.0,563.648960960961
split16,16G local / 16G remote,stream_read_32g_split16_4kstride,off,46.0,563.085312
split16,16G local / 16G remote,stream_read_32g_split16_4kstride,off,47.0,563.347456
split16,16G local / 16G remote,stream_read_32g_split16_4kstride,off,48.0,562.561024
split16,16G local / 16G remote,stream_read_32g_split16_4kstride,off,49.0,564.396032
split16,16G local / 16G remote,stream_read_32g_split16_4kstride,off,50.0,563.6096
split16,16G local / 16G remote,stream_read_32g_split16_4kstride,off,51.0,563.871744
split16,16G local / 16G remote,stream_read_32g_split16_4kstride,off,52.0,561.250304
split16,16G local / 16G remote,stream_read_32g_split16_4kstride,off,53.0,561.774592
split16,16G local / 16G remote,stream_read_32g_split16_4kstride,off,54.006,561.2904333996024
split16,16G local / 16G remote,stream_read_32g_split16_4kstride,off,55.0,562.5283219315895
split16,16G local / 16G remote,stream_read_32g_split16_4kstride,off,56.0,564.396032
split16,16G local / 16G remote,stream_read_32g_split16_4kstride,off,57.0,564.658176
split16,16G local / 16G remote,stream_read_32g_split16_4kstride,off,58.0,564.658176
split16,16G local / 16G remote,stream_read_32g_split16_4kstride,off,59.0,559.67744
split16,16G local / 16G remote,stream_read_32g_split16_4kstride,off,60.0,564.396032
split16,16G local / 16G remote,stream_read_32g_split16_4kstride,off,61.0,562.561024
split16,16G local / 16G remote,stream_read_32g_split16_4kstride,off,62.0,562.823168
split16,16G local / 16G remote,stream_read_32g_split16_4kstride,off,63.0,559.939584
split16,16G local / 16G remote,stream_read_32g_split16_4kstride,off,64.0,564.133888
split16,16G local / 16G remote,stream_read_32g_split16_4kstride,off,65.001,562.5227892107894
split16,16G local / 16G remote,stream_read_32g_split16_4kstride,off,66.0,563.648960960961
split16,16G local / 16G remote,stream_read_32g_split16_4kstride,off,67.0,564.396032
split16,16G local / 16G remote,stream_read_32g_split16_4kstride,off,68.0,561.512448
split16,16G local / 16G remote,stream_read_32g_split16_4kstride,off,69.0,562.823168
split16,16G local / 16G remote,stream_read_32g_split16_4kstride,off,70.0,565.182464
split16,16G local / 16G remote,stream_read_32g_split16_4kstride,off,71.0,559.67744
split16,16G local / 16G remote,stream_read_32g_split16_4kstride,off,72.0,564.396032
split16,16G local / 16G remote,stream_read_32g_split16_4kstride,off,73.0,563.6096
split16,16G local / 16G remote,stream_read_32g_split16_4kstride,off,74.0,560.98816
split16,16G local / 16G remote,stream_read_32g_split16_4kstride,off,75.0,564.658176
split16,16G local / 16G remote,stream_read_32g_split16_4kstride,off,76.001,560.9514965034965
split16,16G local / 16G remote,stream_read_32g_split16_4kstride,off,77.0,564.4361801801801
split16,16G local / 16G remote,stream_read_32g_split16_4kstride,off,78.0,561.250304
split16,16G local / 16G remote,stream_read_32g_split16_4kstride,off,79.0,564.658176
split16,16G local / 16G remote,stream_read_32g_split16_4kstride,off,80.0,563.871744
split16,16G local / 16G remote,stream_read_32g_split16_4kstride,off,81.0,562.036736
split16,16G local / 16G remote,stream_read_32g_split16_4kstride,off,82.0,563.6096
split16,16G local / 16G remote,stream_read_32g_split16_4kstride,off,83.0,560.98816
split16,16G local / 16G remote,stream_read_32g_split16_4kstride,off,84.0,564.133888
split16,16G local / 16G remote,stream_read_32g_split16_4kstride,off,85.0,564.133888
split16,16G local / 16G remote,stream_read_32g_split16_4kstride,off,86.0,562.823168
split16,16G local / 16G remote,stream_read_32g_split16_4kstride,off,87.0,561.774592
split16,16G local / 16G remote,stream_read_32g_split16_4kstride,off,88.0,564.92032
split16,16G local / 16G remote,stream_read_32g_split16_4kstride,off,89.0,564.92032
split16,16G local / 16G remote,stream_read_32g_split16_4kstride,off,90.0,561.512448
split16,16G local / 16G remote,stream_read_32g_split16_4kstride,off,91.001,562.2609070929072
split16,16G local / 16G remote,stream_read_32g_split16_4kstride,off,92.0,563.1241481481482
split16,16G local / 16G remote,stream_read_32g_split16_4kstride,off,93.005,563.1531303482587
split16,16G local / 16G remote,stream_read_32g_split16_4kstride,off,94.0,564.5975798994975
split16,16G local / 16G remote,stream_read_32g_split16_4kstride,off,95.001,566.189138861139
split16,16G local / 16G remote,stream_read_32g_split16_4kstride,off,96.0,562.336928928929
split16,16G local / 16G remote,stream_read_32g_split16_4kstride,off,97.0,564.658176
split16,16G local / 16G remote,stream_read_32g_split16_4kstride,off,98.0,563.347456
split16,16G local / 16G remote,stream_read_32g_split16_4kstride,off,99.0,563.085312
split16,16G local / 16G remote,stream_read_32g_split16_4kstride,off,100.0,564.133888
split16,16G local / 16G remote,stream_read_32g_split16_4kstride,off,101.0,565.968896
split16,16G local / 16G remote,stream_read_32g_split16_4kstride,off,102.0,568.85248
split16,16G local / 16G remote,stream_read_32g_split16_4kstride,off,103.0,570.949632
split16,16G local / 16G remote,stream_read_32g_split16_4kstride,off,104.0,569.901056
split16,16G local / 16G remote,stream_read_32g_split16_4kstride,off,105.0,563.6096
split16,16G local / 16G remote,stream_read_32g_split16_4kstride,off,106.0,562.561024
split16,16G local / 16G remote,stream_read_32g_split16_4kstride,off,107.0,564.133888
split16,16G local / 16G remote,stream_read_32g_split16_4kstride,off,108.0,565.706752
split16,16G local / 16G remote,stream_read_32g_split16_4kstride,off,109.0,564.92032
split16,16G local / 16G remote,stream_read_32g_split16_4kstride,off,110.0,562.036736
split16,16G local / 16G remote,stream_read_32g_split16_4kstride,off,111.0,561.774592
split16,16G local / 16G remote,stream_read_32g_split16_4kstride,off,112.0,562.036736
split16,16G local / 16G remote,stream_read_32g_split16_4kstride,off,113.0,565.444608
split16,16G local / 16G remote,stream_read_32g_split16_4kstride,off,114.0,564.92032
split16,16G local / 16G remote,stream_read_32g_split16_4kstride,off,115.0,564.396032
split16,16G local / 16G remote,stream_read_32g_split16_4kstride,off,116.0,562.036736
split16,16G local / 16G remote,stream_read_32g_split16_4kstride,off,117.0,565.968896
split16,16G local / 16G remote,stream_read_32g_split16_4kstride,off,118.0,564.133888
split16,16G local / 16G remote,stream_read_32g_split16_4kstride,off,119.001,563.5703176823178
split16,16G local / 16G remote,stream_read_32g_split16_4kstride,off,120.0,565.4858058058059
split16,16G local / 16G remote,stream_read_32g_split16_4kstride,off,121.0,562.036736
split16,16G local / 16G remote,stream_read_32g_split16_4kstride,off,122.0,564.396032
split16,16G local / 16G remote,stream_read_32g_split16_4kstride,off,123.0,561.774592
split16,16G local / 16G remote,stream_read_32g_split16_4kstride,off,124.0,564.133888
split16,16G local / 16G remote,stream_read_32g_split16_4kstride,off,125.0,564.133888
split16,16G local / 16G remote,stream_read_32g_split16_4kstride,off,126.0,563.871744
split16,16G local / 16G remote,stream_read_32g_split16_4kstride,off,127.0,560.98816
split16,16G local / 16G remote,stream_read_32g_split16_4kstride,off,128.0,565.182464
split16,16G local / 16G remote,stream_read_32g_split16_4kstride,off,129.0,565.968896
split16,16G local / 16G remote,stream_read_32g_split16_4kstride,off,130.0,567.279616
split16,16G local / 16G remote,stream_read_32g_split16_4kstride,off,131.0,564.133888
split16,16G local / 16G remote,stream_read_32g_split16_4kstride,off,132.0,565.182464
split16,16G local / 16G remote,stream_read_32g_split16_4kstride,off,133.0,565.444608
split16,16G local / 16G remote,stream_read_32g_split16_4kstride,off,134.0,565.968896
split16,16G local / 16G remote,stream_read_32g_split16_4kstride,off,135.0,565.444608
split16,16G local / 16G remote,stream_read_32g_split16_4kstride,off,136.0,562.036736
split16,16G local / 16G remote,stream_read_32g_split16_4kstride,off,137.0,565.968896
split16,16G local / 16G remote,stream_read_32g_split16_4kstride,off,138.0,565.444608
split16,16G local / 16G remote,stream_read_32g_split16_4kstride,off,139.0,565.182464
split16,16G local / 16G remote,stream_read_32g_split16_4kstride,off,140.0,565.182464
split16,16G local / 16G remote,stream_read_32g_split16_4kstride,off,141.0,565.706752
split16,16G local / 16G remote,stream_read_32g_split16_4kstride,off,142.0,563.085312
split16,16G local / 16G remote,stream_read_32g_split16_4kstride,off,143.0,565.182464
split16,16G local / 16G remote,stream_read_32g_split16_4kstride,off,144.0,565.706752
split16,16G local / 16G remote,stream_read_32g_split16_4kstride,off,145.0,563.871744
split16,16G local / 16G remote,stream_read_32g_split16_4kstride,off,146.0,564.92032
split16,16G local / 16G remote,stream_read_32g_split16_4kstride,off,147.0,564.92032
split16,16G local / 16G remote,stream_read_32g_split16_4kstride,off,148.0,564.92032
split16,16G local / 16G remote,stream_read_32g_split16_4kstride,off,149.0,564.658176
split16,16G local / 16G remote,stream_read_32g_split16_4kstride,off,150.0,564.658176
split16,16G local / 16G remote,stream_read_32g_split16_4kstride,off,151.001,562.2609070929072
split16,16G local / 16G remote,stream_read_32g_split16_4kstride,off,152.0,563.9113673673673
split16,16G local / 16G remote,stream_read_32g_split16_4kstride,off,153.0,565.182464
split16,16G local / 16G remote,stream_read_32g_split16_4kstride,off,154.0,563.6096
split16,16G local / 16G remote,stream_read_32g_split16_4kstride,off,155.0,564.133888
split16,16G local / 16G remote,stream_read_32g_split16_4kstride,off,156.0,564.133888
split16,16G local / 16G remote,stream_read_32g_split16_4kstride,off,157.0,564.92032
split16,16G local / 16G remote,stream_read_32g_split16_4kstride,off,158.0,565.182464
split16,16G local / 16G remote,stream_read_32g_split16_4kstride,off,159.0,565.182464
split16,16G local / 16G remote,stream_read_32g_split16_4kstride,off,160.0,563.6096
split16,16G local / 16G remote,stream_read_32g_split16_4kstride,off,161.0,565.182464
split16,16G local / 16G remote,stream_read_32g_split16_4kstride,off,162.0,562.823168
split16,16G local / 16G remote,stream_read_32g_split16_4kstride,off,163.0,563.347456
split16,16G local / 16G remote,stream_read_32g_split16_4kstride,off,164.0,565.444608
split16,16G local / 16G remote,stream_read_32g_split16_4kstride,off,165.0,562.823168
split16,16G local / 16G remote,stream_read_32g_split16_4kstride,off,166.0,562.561024
split16,16G local / 16G remote,stream_read_32g_split16_4kstride,off,167.0,564.658176
split16,16G local / 16G remote,stream_read_32g_split16_4kstride,off,168.001,564.094081918082
split16,16G local / 16G remote,stream_read_32g_split16_4kstride,off,169.0,563.648960960961
split16,16G local / 16G remote,stream_read_32g_split16_4kstride,off,170.0,565.182464
split16,16G local / 16G remote,stream_read_32g_split16_4kstride,off,171.0,561.250304
split16,16G local / 16G remote,stream_read_32g_split16_4kstride,off,172.0,563.871744
split16,16G local / 16G remote,stream_read_32g_split16_4kstride,off,173.0,564.396032
split16,16G local / 16G remote,stream_read_32g_split16_4kstride,off,174.0,563.347456
split16,16G local / 16G remote,stream_read_32g_split16_4kstride,off,175.0,560.201728
split16,16G local / 16G remote,stream_read_32g_split16_4kstride,off,176.0,563.347456
split16,16G local / 16G remote,stream_read_32g_split16_4kstride,off,177.0,561.250304
split16,16G local / 16G remote,stream_read_32g_split16_4kstride,off,178.0,563.347456
split16,16G local / 16G remote,stream_read_32g_split16_4kstride,off,179.0,564.396032
split16,16G local / 16G remote,stream_read_32g_split16_4kstride,off,180.001,563.8321998001999
split16,16G local / 16G remote,stream_read_32g_split16_4kstride,off,181.0,564.4361801801801
split16,16G local / 16G remote,stream_read_32g_split16_4kstride,off,182.0,564.658176
split16,16G local / 16G remote,stream_read_32g_split16_4kstride,off,183.0,563.347456
split16,16G local / 16G remote,stream_read_32g_split16_4kstride,off,184.0,562.561024
split16,16G local / 16G remote,stream_read_32g_split16_4kstride,off,185.0,563.347456
split16,16G local / 16G remote,stream_read_32g_split16_4kstride,off,186.0,562.29888
split16,16G local / 16G remote,stream_read_32g_split16_4kstride,off,187.0,562.561024
split16,16G local / 16G remote,stream_read_32g_split16_4kstride,off,188.0,563.347456
split16,16G local / 16G remote,stream_read_32g_split16_4kstride,off,189.0,563.085312
split16,16G local / 16G remote,stream_read_32g_split16_4kstride,off,190.0,564.658176
split16,16G local / 16G remote,stream_read_32g_split16_4kstride,off,191.0,567.017472
split16,16G local / 16G remote,stream_read_32g_split16_4kstride,off,192.0,569.638912
split16,16G local / 16G remote,stream_read_32g_split16_4kstride,off,193.0,572.522496
split16,16G local / 16G remote,stream_read_32g_split16_4kstride,off,194.0,566.23104
split16,16G local / 16G remote,stream_read_32g_split16_4kstride,off,195.0,563.871744
split16,16G local / 16G remote,stream_read_32g_split16_4kstride,off,196.0,563.347456
split16,16G local / 16G remote,stream_read_32g_split16_4kstride,off,197.0,562.036736
split16,16G local / 16G remote,stream_read_32g_split16_4kstride,off,198.0,564.396032
split16,16G local / 16G remote,stream_read_32g_split16_4kstride,off,199.001,561.4752607392608
split16,16G local / 16G remote,stream_read_32g_split16_4kstride,off,200.0,563.9113673673673
split16,16G local / 16G remote,stream_read_32g_split16_4kstride,on,1.0,335.282176
split16,16G local / 16G remote,stream_read_32g_split16_4kstride,on,2.0,394.788864
split16,16G local / 16G remote,stream_read_32g_split16_4kstride,on,3.0,319.291392
split16,16G local / 16G remote,stream_read_32g_split16_4kstride,on,4.0,368.574464
split16,16G local / 16G remote,stream_read_32g_split16_4kstride,on,5.001,284.40398001998005
split16,16G local / 16G remote,stream_read_32g_split16_4kstride,on,6.0,320.3982222222222
split16,16G local / 16G remote,stream_read_32g_split16_4kstride,on,7.0,278.134784
split16,16G local / 16G remote,stream_read_32g_split16_4kstride,on,8.0,312.213504
split16,16G local / 16G remote,stream_read_32g_split16_4kstride,on,9.0,312.475648
split16,16G local / 16G remote,stream_read_32g_split16_4kstride,on,10.0,214.95808
split16,16G local / 16G remote,stream_read_32g_split16_4kstride,on,11.001,223.3854465534466
split16,16G local / 16G remote,stream_read_32g_split16_4kstride,on,12.0,233.5417017017017
split16,16G local / 16G remote,stream_read_32g_split16_4kstride,on,13.0,204.734464
split16,16G local / 16G remote,stream_read_32g_split16_4kstride,on,14.0,300.417024
split16,16G local / 16G remote,stream_read_32g_split16_4kstride,on,15.0,172.490752
split16,16G local / 16G remote,stream_read_32g_split16_4kstride,on,16.0,315.88352
split16,16G local / 16G remote,stream_read_32g_split16_4kstride,on,17.0,231.735296
split16,16G local / 16G remote,stream_read_32g_split16_4kstride,on,18.001,168.65208391608394
split16,16G local / 16G remote,stream_read_32g_split16_4kstride,on,19.0,191.8190830830831
split16,16G local / 16G remote,stream_read_32g_split16_4kstride,on,20.0,267.124736
split16,16G local / 16G remote,stream_read_32g_split16_4kstride,on,21.0,162.791424
split16,16G local / 16G remote,stream_read_32g_split16_4kstride,on,22.0,311.95136
split16,16G local / 16G remote,stream_read_32g_split16_4kstride,on,23.0,250.609664
split16,16G local / 16G remote,stream_read_32g_split16_4kstride,on,24.0,346.554368
split16,16G local / 16G remote,stream_read_32g_split16_4kstride,on,25.001,293.307972027972
split16,16G local / 16G remote,stream_read_32g_split16_4kstride,on,26.0,217.2725045045045
split16,16G local / 16G remote,stream_read_32g_split16_4kstride,on,27.0,312.737792
split16,16G local / 16G remote,stream_read_32g_split16_4kstride,on,28.0,316.407808
split16,16G local / 16G remote,stream_read_32g_split16_4kstride,on,29.0,193.724416
split16,16G local / 16G remote,stream_read_32g_split16_4kstride,on,30.0,362.545152
split16,16G local / 16G remote,stream_read_32g_split16_4kstride,on,31.0,245.366784
split16,16G local / 16G remote,stream_read_32g_split16_4kstride,on,32.0,280.231936
split16,16G local / 16G remote,stream_read_32g_split16_4kstride,on,33.0,358.350848
split16,16G local / 16G remote,stream_read_32g_split16_4kstride,on,34.0,222.298112
split16,16G local / 16G remote,stream_read_32g_split16_4kstride,on,35.0,351.010816
split16,16G local / 16G remote,stream_read_32g_split16_4kstride,on,36.0,222.298112
split16,16G local / 16G remote,stream_read_32g_split16_4kstride,on,37.0,315.621376
split16,16G local / 16G remote,stream_read_32g_split16_4kstride,on,38.0,223.870976
split16,16G local / 16G remote,stream_read_32g_split16_4kstride,on,39.0,308.281344
split16,16G local / 16G remote,stream_read_32g_split16_4kstride,on,40.0,348.127232
split16,16G local / 16G remote,stream_read_32g_split16_4kstride,on,41.0,213.64736
split16,16G local / 16G remote,stream_read_32g_split16_4kstride,on,42.0,174.32576
split16,16G local / 16G remote,stream_read_32g_split16_4kstride,on,43.0,195.559424
split16,16G local / 16G remote,stream_read_32g_split16_4kstride,on,44.001,122.03706693306695
split16,16G local / 16G remote,stream_read_32g_split16_4kstride,on,45.0,167.4152872872873
split16,16G local / 16G remote,stream_read_32g_split16_4kstride,on,46.0,135.528448
split16,16G local / 16G remote,stream_read_32g_split16_4kstride,on,47.0,122.159104
split16,16G local / 16G remote,stream_read_32g_split16_4kstride,on,48.0,128.712704
split16,16G local / 16G remote,stream_read_32g_split16_4kstride,on,49.001,150.32033566433566
split16,16G local / 16G remote,stream_read_32g_split16_4kstride,on,50.0,143.01149149149148
split16,16G local / 16G remote,stream_read_32g_split16_4kstride,on,51.0,145.48992
split16,16G local / 16G remote,stream_read_32g_split16_4kstride,on,52.0,98.041856
split16,16G local / 16G remote,stream_read_32g_split16_4kstride,on,53.0,171.442176
split16,16G local / 16G remote,stream_read_32g_split16_4kstride,on,54.0,101.711872
split16,16G local / 16G remote,stream_read_32g_split16_4kstride,on,55.0,125.82912
split16,16G local / 16G remote,stream_read_32g_split16_4kstride,on,56.0,137.887744
split16,16G local / 16G remote,stream_read_32g_split16_4kstride,on,57.0,177.471488
split16,16G local / 16G remote,stream_read_32g_split16_4kstride,on,58.0,175.63648
split16,16G local / 16G remote,stream_read_32g_split16_4kstride,on,59.0,149.159936
split16,16G local / 16G remote,stream_read_32g_split16_4kstride,on,60.0,130.285568
split16,16G local / 16G remote,stream_read_32g_split16_4kstride,on,61.0,160.694272
split16,16G local / 16G remote,stream_read_32g_split16_4kstride,on,62.001,218.67156843156843
split16,16G local / 16G remote,stream_read_32g_split16_4kstride,on,63.0,245.8748028028028
split16,16G local / 16G remote,stream_read_32g_split16_4kstride,on,64.0,310.64064
split16,16G local / 16G remote,stream_read_32g_split16_4kstride,on,65.0,314.5728
split16,16G local / 16G remote,stream_read_32g_split16_4kstride,on,66.004,213.84057370517928
split16,16G local / 16G remote,stream_read_32g_split16_4kstride,on,67.0,216.3477590361446
split16,16G local / 16G remote,stream_read_32g_split16_4kstride,on,68.0,301.989888
split16,16G local / 16G remote,stream_read_32g_split16_4kstride,on,69.001,243.02660539460544
split16,16G local / 16G remote,stream_read_32g_split16_4kstride,on,70.0,289.17185985985986
split16,16G local / 16G remote,stream_read_32g_split16_4kstride,on,71.0,231.735296
split16,16G local / 16G remote,stream_read_32g_split16_4kstride,on,72.0,278.134784
split16,16G local / 16G remote,stream_read_32g_split16_4kstride,on,73.0,226.492416
split16,16G local / 16G remote,stream_read_32g_split16_4kstride,on,74.0,309.067776
split16,16G local / 16G remote,stream_read_32g_split16_4kstride,on,75.0,208.928768
split16,16G local / 16G remote,stream_read_32g_split16_4kstride,on,76.0,246.153216
split16,16G local / 16G remote,stream_read_32g_split16_4kstride,on,77.0,194.772992
split16,16G local / 16G remote,stream_read_32g_split16_4kstride,on,78.0,180.617216
split16,16G local / 16G remote,stream_read_32g_split16_4kstride,on,79.0,279.707648
split16,16G local / 16G remote,stream_read_32g_split16_4kstride,on,80.0,229.638144
split16,16G local / 16G remote,stream_read_32g_split16_4kstride,on,81.001,266.3341138861139
split16,16G local / 16G remote,stream_read_32g_split16_4kstride,on,82.0,247.18683483483485
split16,16G local / 16G remote,stream_read_32g_split16_4kstride,on,83.0,190.0544
split16,16G local / 16G remote,stream_read_32g_split16_4kstride,on,84.0,228.06528
split16,16G local / 16G remote,stream_read_32g_split16_4kstride,on,85.0,325.582848
split16,16G local / 16G remote,stream_read_32g_split16_4kstride,on,86.0,231.99744
split16,16G local / 16G remote,stream_read_32g_split16_4kstride,on,87.0,328.466432
split16,16G local / 16G remote,stream_read_32g_split16_4kstride,on,88.0,244.318208
split16,16G local / 16G remote,stream_read_32g_split16_4kstride,on,89.0,357.302272
split16,16G local / 16G remote,stream_read_32g_split16_4kstride,on,90.0,199.22944
split16,16G local / 16G remote,stream_read_32g_split16_4kstride,on,91.0,385.613824
split16,16G local / 16G remote,stream_read_32g_split16_4kstride,on,92.0,216.2688
split16,16G local / 16G remote,stream_read_32g_split16_4kstride,on,93.001,371.0869610389611
split16,16G local / 16G remote,stream_read_32g_split16_4kstride,on,94.0,163.4791911911912
split16,16G local / 16G remote,stream_read_32g_split16_4kstride,on,95.0,339.738624
split16,16G local / 16G remote,stream_read_32g_split16_4kstride,on,96.0,227.016704
split16,16G local / 16G remote,stream_read_32g_split16_4kstride,on,97.0,378.535936
split16,16G local / 16G remote,stream_read_32g_split16_4kstride,on,98.0,239.337472
split16,16G local / 16G remote,stream_read_32g_split16_4kstride,on,99.0,234.881024
split16,16G local / 16G remote,stream_read_32g_split16_4kstride,on,100.0,340.262912
split16,16G local / 16G remote,stream_read_32g_split16_4kstride,on,101.0,270.532608
split16,16G local / 16G remote,stream_read_32g_split16_4kstride,on,102.0,334.2336
split16,16G local / 16G remote,stream_read_32g_split16_4kstride,on,103.0,288.882688
split16,16G local / 16G remote,stream_read_32g_split16_4kstride,on,104.0,264.241152
split16,16G local / 16G remote,stream_read_32g_split16_4kstride,on,105.001,334.16158241758245
split16,16G local / 16G remote,stream_read_32g_split16_4kstride,on,106.0,294.9448008008008
split16,16G local / 16G remote,stream_read_32g_split16_4kstride,on,107.0,337.117184
split16,16G local / 16G remote,stream_read_32g_split16_4kstride,on,108.001,266.59599600399605
split16,16G local / 16G remote,stream_read_32g_split16_4kstride,on,109.0,286.2853893893894
split16,16G local / 16G remote,stream_read_32g_split16_4kstride,on,110.0,357.040128
split16,16G local / 16G remote,stream_read_32g_split16_4kstride,on,111.0,185.860096
split16,16G local / 16G remote,stream_read_32g_split16_4kstride,on,112.0,371.720192
split16,16G local / 16G remote,stream_read_32g_split16_4kstride,on,113.001,248.00236563436565
split16,16G local / 16G remote,stream_read_32g_split16_4kstride,on,114.0,280.250042042042
split16,16G local / 16G remote,stream_read_32g_split16_4kstride,on,115.0,242.221056
split16,16G local / 16G remote,stream_read_32g_split16_4kstride,on,116.0,289.66912
split16,16G local / 16G remote,stream_read_32g_split16_4kstride,on,117.003,202.2925782652044
split16,16G local / 16G remote,stream_read_32g_split16_4kstride,on,118.0,166.9623269809428
split16,16G local / 16G remote,stream_read_32g_split16_4kstride,on,119.0,136.052736
split16,16G local / 16G remote,stream_read_32g_split16_4kstride,on,120.0,179.56864
split16,16G local / 16G remote,stream_read_32g_split16_4kstride,on,121.0,162.791424
split16,16G local / 16G remote,stream_read_32g_split16_4kstride,on,122.0,169.08288
split16,16G local / 16G remote,stream_read_32g_split16_4kstride,on,123.0,188.74368
split16,16G local / 16G remote,stream_read_32g_split16_4kstride,on,124.0,161.480704
split16,16G local / 16G remote,stream_read_32g_split16_4kstride,on,125.0,145.752064
split16,16G local / 16G remote,stream_read_32g_split16_4kstride,on,126.001,162.36691308691312
split16,16G local / 16G remote,stream_read_32g_split16_4kstride,on,127.0,174.50026026026026
split16,16G local / 16G remote,stream_read_32g_split16_4kstride,on,128.0,246.153216
split16,16G local / 16G remote,stream_read_32g_split16_4kstride,on,129.0,347.865088
split16,16G local / 16G remote,stream_read_32g_split16_4kstride,on,130.001,280.2138661338662
split16,16G local / 16G remote,stream_read_32g_split16_4kstride,on,131.0,305.9658698698699
split16,16G local / 16G remote,stream_read_32g_split16_4kstride,on,132.0,278.134784
split16,16G local / 16G remote,stream_read_32g_split16_4kstride,on,133.0,311.164928
split16,16G local / 16G remote,stream_read_32g_split16_4kstride,on,134.0,330.825728
split16,16G local / 16G remote,stream_read_32g_split16_4kstride,on,135.001,180.43677922077924
split16,16G local / 16G remote,stream_read_32g_split16_4kstride,on,136.0,329.84485285285285
split16,16G local / 16G remote,stream_read_32g_split16_4kstride,on,137.0,374.86592
split16,16G local / 16G remote,stream_read_32g_split16_4kstride,on,138.0,229.638144
split16,16G local / 16G remote,stream_read_32g_split16_4kstride,on,139.0,402.653184
split16,16G local / 16G remote,stream_read_32g_split16_4kstride,on,140.001,246.43107292707293
split16,16G local / 16G remote,stream_read_32g_split16_4kstride,on,141.0,316.4621261261261
split16,16G local / 16G remote,stream_read_32g_split16_4kstride,on,142.0,349.437952
split16,16G local / 16G remote,stream_read_32g_split16_4kstride,on,143.0,334.2336
split16,16G local / 16G remote,stream_read_32g_split16_4kstride,on,144.0,316.145664
split16,16G local / 16G remote,stream_read_32g_split16_4kstride,on,145.0,195.035136
split16,16G local / 16G remote,stream_read_32g_split16_4kstride,on,146.001,197.4591168831169
split16,16G local / 16G remote,stream_read_32g_split16_4kstride,on,147.0,330.3696656656657
split16,16G local / 16G remote,stream_read_32g_split16_4kstride,on,148.0,342.884352
split16,16G local / 16G remote,stream_read_32g_split16_4kstride,on,149.0,197.132288
split16,16G local / 16G remote,stream_read_32g_split16_4kstride,on,150.0,338.690048
split16,16G local / 16G remote,stream_read_32g_split16_4kstride,on,151.0,215.744512
split16,16G local / 16G remote,stream_read_32g_split16_4kstride,on,152.0,250.34752
split16,16G local / 16G remote,stream_read_32g_split16_4kstride,on,153.0,339.738624
split16,16G local / 16G remote,stream_read_32g_split16_4kstride,on,154.0,230.948864
split16,16G local / 16G remote,stream_read_32g_split16_4kstride,on,155.0,341.573632
split16,16G local / 16G remote,stream_read_32g_split16_4kstride,on,156.0,333.185024
split16,16G local / 16G remote,stream_read_32g_split16_4kstride,on,157.0,250.609664
split16,16G local / 16G remote,stream_read_32g_split16_4kstride,on,158.001,418.74950649350654
split16,16G local / 16G remote,stream_read_32g_split16_4kstride,on,159.0,191.5566766766767
split16,16G local / 16G remote,stream_read_32g_split16_4kstride,on,160.0,359.13728
split16,16G local / 16G remote,stream_read_32g_split16_4kstride,on,161.0,316.145664
split16,16G local / 16G remote,stream_read_32g_split16_4kstride,on,162.0,392.953856
split16,16G local / 16G remote,stream_read_32g_split16_4kstride,on,163.0,273.154048
split16,16G local / 16G remote,stream_read_32g_split16_4kstride,on,164.0,391.118848
split16,16G local / 16G remote,stream_read_32g_split16_4kstride,on,165.0,190.0544
split16,16G local / 16G remote,stream_read_32g_split16_4kstride,on,166.0,349.437952
split16,16G local / 16G remote,stream_read_32g_split16_4kstride,on,167.0,325.844992
split16,16G local / 16G remote,stream_read_32g_split16_4kstride,on,168.0,298.057728
split16,16G local / 16G remote,stream_read_32g_split16_4kstride,on,169.0,356.253696
split16,16G local / 16G remote,stream_read_32g_split16_4kstride,on,170.003,282.79143369890335
split16,16G local / 16G remote,stream_read_32g_split16_4kstride,on,171.0,334.7134523570712
split16,16G local / 16G remote,stream_read_32g_split16_4kstride,on,172.0,334.495744
split16,16G local / 16G remote,stream_read_32g_split16_4kstride,on,173.001,295.66491108891114
split16,16G local / 16G remote,stream_read_32g_split16_4kstride,on,174.0,370.51784584584584
split16,16G local / 16G remote,stream_read_32g_split16_4kstride,on,175.0,249.298944
split16,16G local / 16G remote,stream_read_32g_split16_4kstride,on,176.0,365.428736
split16,16G local / 16G remote,stream_read_32g_split16_4kstride,on,177.0,285.999104
split16,16G local / 16G remote,stream_read_32g_split16_4kstride,on,178.0,324.796416
split16,16G local / 16G remote,stream_read_32g_split16_4kstride,on,179.001,377.1102497502498
split16,16G local / 16G remote,stream_read_32g_split16_4kstride,on,180.0,283.3989189189189
split16,16G local / 16G remote,stream_read_32g_split16_4kstride,on,181.0,258.21184
split16,16G local / 16G remote,stream_read_32g_split16_4kstride,on,182.0,364.38016
split16,16G local / 16G remote,stream_read_32g_split16_4kstride,on,183.0,356.253696
split16,16G local / 16G remote,stream_read_32g_split16_4kstride,on,184.0,281.8048
split16,16G local / 16G remote,stream_read_32g_split16_4kstride,on,185.0,291.504128
split16,16G local / 16G remote,stream_read_32g_split16_4kstride,on,186.0,209.7152
split16,16G local / 16G remote,stream_read_32g_split16_4kstride,on,187.0,221.773824
split16,16G local / 16G remote,stream_read_32g_split16_4kstride,on,188.003,194.7131405782652
split16,16G local / 16G remote,stream_read_32g_split16_4kstride,on,189.0,205.3505155466399
split16,16G local / 16G remote,stream_read_32g_split16_4kstride,on,190.0,198.180864
split16,16G local / 16G remote,stream_read_32g_split16_4kstride,on,191.003,192.0995413758724
split16,16G local / 16G remote,stream_read_32g_split16_4kstride,on,192.0,209.55744032096288
split16,16G local / 16G remote,stream_read_32g_split16_4kstride,on,193.0,195.821568
split16,16G local / 16G remote,stream_read_32g_split16_4kstride,on,194.0,189.792256
split16,16G local / 16G remote,stream_read_32g_split16_4kstride,on,195.0,205.78304
split16,16G local / 16G remote,stream_read_32g_split16_4kstride,on,196.0,204.47232
split16,16G local / 16G remote,stream_read_32g_split16_4kstride,on,197.0,198.705152
split16,16G local / 16G remote,stream_read_32g_split16_4kstride,on,198.0,187.170816
split16,16G local / 16G remote,stream_read_32g_split16_4kstride,on,199.0,207.09376
split16,16G local / 16G remote,stream_read_32g_split16_4kstride,on,200.0,197.91872
